Workbook
Name Slicer_Country: #N/A

Sheet Dashboard

Sheet marketing_data _ JGM review
A1: ID | B1: Year_Birth | C1: Approx_Age | D1: Education | E1: Education_mod | F1: Marital_Status | G1: Marital_Status_mod | H1: Marital_binary | I1: Income | J1: Income_mod2 | K1: Kidhome | L1: Teenhome | M1: Total_Children | N1: Dt_Customer | O1: EnrollmentYears | P1: DataSetDate | Q1: Recency | R1: MntWines | S1: MntFruits | T1: MntMeatProducts | U1: MntFishProducts | V1: MntSweetProducts | W1: MntGoldProds | X1: NumDealsPurchases | Y1: NumWebPurchases | Z1: WebPurchGroup | AA1: Web_jitter | AB1: NumCatalogPurchases | AC1: NumStorePurchases | AD1: Store_jitter | AE1: NumWebVisitsMonth | AF1: AcceptedCmp1 | AG1: AcceptedCmp2 | AH1: AcceptedCmp3 | AI1: AcceptedCmp4 | AJ1: AcceptedCmp5 | AK1: Response | AL1: Complain | AM1: Country
A2: 1503 | B2: 1976 | C2: =2021-Table1[[#This Row],[Year_Birth]] -> 45 | D2: PhD | E2: {=_xlfn.SWITCH(Table1[[#This Row],[Education]],"Graduation","Bachelor’s","Basic","High School","2n Cycle","Master’s","Master","Master’s","PhD","PhD","Other")} -> PhD | F2: Together | G2: Together | H2: {=_xlfn.SWITCH(Table1[[#This Row],[Marital_Status_mod]],"Together","Couple","Married","Couple","Divorced","Single","Single","Single","Widow","Single","Other")} -> Couple | I2: 162397 | J2: =IF(I2<10000, "Up to $10K", IF(I2>=100000, "$100K and up", "$" & FLOOR(I2,10000)/1000 & " - $" & FLOOR(I2,10000)/1000+10 & "K")) -> $100K and up | K2: 1 | L2: 1 | M2: =Table1[[#This Row],[Teenhome]]+Table1[[#This Row],[Kidhome]] -> 2 | N2: 41428 | O2: =(Table1[[#This Row],[DataSetDate]]-Table1[[#This Row],[Dt_Customer]])/365 -> 7.6821918 | P2: 44232 | Q2: 31 | R2: 85 | S2: 1 | T2: 16 | U2: 2 | V2: 1 | W2: 2 | X2: 0 | Y2: 0 | Z2: =IF(Y2>=7,"High",IF(Y2>=3,"Medium","Low")) -> Low | AA2: =Y2 + (RAND() - 0.5) * 0.8 -> -0.19892947 | AB2: 0 | AC2: 1 | AD2: =AC2 + (RAND() - 0.5) * 0.8 -> 1.0524438 | AE2: 1 | AF2: 0 | AG2: 0 | AH2: 0 | AI2: 0 | AJ2: 0 | AK2: 0 | AL2: 0 | AM2: Spain
A3: 1501 | B3: 1982 | C3: =2021-Table1[[#This Row],[Year_Birth]] -> 39 | D3: PhD | E3: {=_xlfn.SWITCH(Table1[[#This Row],[Education]],"Graduation","Bachelor’s","Basic","High School","2n Cycle","Master’s","Master","Master’s","PhD","PhD","Other")} -> PhD | F3: Married | G3: Married | H3: {=_xlfn.SWITCH(Table1[[#This Row],[Marital_Status_mod]],"Together","Couple","Married","Couple","Divorced","Single","Single","Single","Widow","Single","Other")} -> Couple | I3: 160803 | J3: =IF(I3<10000, "Up to $10K", IF(I3>=100000, "$100K and up", "$" & FLOOR(I3,10000)/1000 & " - $" & FLOOR(I3,10000)/1000+10 & "K")) -> $100K and up | K3: 0 | L3: 0 | M3: =Table1[[#This Row],[Teenhome]]+Table1[[#This Row],[Kidhome]] -> 0 | N3: 41125 | O3: =(Table1[[#This Row],[DataSetDate]]-Table1[[#This Row],[Dt_Customer]])/365 -> 8.5123288 | P3: 44232 | Q3: 21 | R3: 55 | S3: 16 | T3: 1622 | U3: 17 | V3: 3 | W3: 4 | X3: 15 | Y3: 0 | Z3: =IF(Y3>=7,"High",IF(Y3>=3,"Medium","Low")) -> Low | AA3: =Y3 + (RAND() - 0.5) * 0.8 -> -0.064401305 | AB3: 28 | AC3: 1 | AD3: =AC3 + (RAND() - 0.5) * 0.8 -> 1.0486292 | AE3: 0 | AF3: 0 | AG3: 0 | AH3: 0 | AI3: 0 | AJ3: 0 | AK3: 0 | AL3: 0 | AM3: USA
A4: 5336 | B4: 1971 | C4: =2021-Table1[[#This Row],[Year_Birth]] -> 50 | D4: Master | E4: {=_xlfn.SWITCH(Table1[[#This Row],[Education]],"Graduation","Bachelor’s","Basic","High School","2n Cycle","Master’s","Master","Master’s","PhD","PhD","Other")} -> Master’s | F4: Together | G4: Together | H4: {=_xlfn.SWITCH(Table1[[#This Row],[Marital_Status_mod]],"Together","Couple","Married","Couple","Divorced","Single","Single","Single","Widow","Single","Other")} -> Couple | I4: 157733 | J4: =IF(I4<10000, "Up to $10K", IF(I4>=100000, "$100K and up", "$" & FLOOR(I4,10000)/1000 & " - $" & FLOOR(I4,10000)/1000+10 & "K")) -> $100K and up | K4: 1 | L4: 0 | M4: =Table1[[#This Row],[Teenhome]]+Table1[[#This Row],[Kidhome]] -> 1 | N4: 41429 | O4: =(Table1[[#This Row],[DataSetDate]]-Table1[[#This Row],[Dt_Customer]])/365 -> 7.6794521 | P4: 44232 | Q4: 37 | R4: 39 | S4: 1 | T4: 9 | U4: 2 | V4: 0 | W4: 8 | X4: 0 | Y4: 1 | Z4: =IF(Y4>=7,"High",IF(Y4>=3,"Medium","Low")) -> Low | AA4: =Y4 + (RAND() - 0.5) * 0.8 -> 1.3256471 | AB4: 0 | AC4: 1 | AD4: =AC4 + (RAND() - 0.5) * 0.8 -> 1.1806876 | AE4: 1 | AF4: 0 | AG4: 0 | AH4: 0 | AI4: 0 | AJ4: 0 | AK4: 0 | AL4: 0 | AM4: Spain
A5: 8475 | B5: 1973 | C5: =2021-Table1[[#This Row],[Year_Birth]] -> 48 | D5: PhD | E5: {=_xlfn.SWITCH(Table1[[#This Row],[Education]],"Graduation","Bachelor’s","Basic","High School","2n Cycle","Master’s","Master","Master’s","PhD","PhD","Other")} -> PhD | F5: Married | G5: Married | H5: {=_xlfn.SWITCH(Table1[[#This Row],[Marital_Status_mod]],"Together","Couple","Married","Couple","Divorced","Single","Single","Single","Widow","Single","Other")} -> Couple | I5: 157243 | J5: =IF(I5<10000, "Up to $10K", IF(I5>=100000, "$100K and up", "$" & FLOOR(I5,10000)/1000 & " - $" & FLOOR(I5,10000)/1000+10 & "K")) -> $100K and up | K5: 0 | L5: 1 | M5: =Table1[[#This Row],[Teenhome]]+Table1[[#This Row],[Kidhome]] -> 1 | N5: 41699 | O5: =(Table1[[#This Row],[DataSetDate]]-Table1[[#This Row],[Dt_Customer]])/365 -> 6.939726 | P5: 44232 | Q5: 98 | R5: 20 | S5: 2 | T5: 1582 | U5: 1 | V5: 2 | W5: 1 | X5: 15 | Y5: 0 | Z5: =IF(Y5>=7,"High",IF(Y5>=3,"Medium","Low")) -> Low | AA5: =Y5 + (RAND() - 0.5) * 0.8 -> -0.36954881 | AB5: 22 | AC5: 0 | AD5: =AC5 + (RAND() - 0.5) * 0.8 -> 0.2845029 | AE5: 0 | AF5: 0 | AG5: 0 | AH5: 0 | AI5: 0 | AJ5: 0 | AK5: 0 | AL5: 0 | AM5: India
A6: 4931 | B6: 1977 | C6: =2021-Table1[[#This Row],[Year_Birth]] -> 44 | D6: Graduation | E6: {=_xlfn.SWITCH(Table1[[#This Row],[Education]],"Graduation","Bachelor’s","Basic","High School","2n Cycle","Master’s","Master","Master’s","PhD","PhD","Other")} -> Bachelor’s | F6: Together | G6: Together | H6: {=_xlfn.SWITCH(Table1[[#This Row],[Marital_Status_mod]],"Together","Couple","Married","Couple","Divorced","Single","Single","Single","Widow","Single","Other")} -> Couple | I6: 157146 | J6: =IF(I6<10000, "Up to $10K", IF(I6>=100000, "$100K and up", "$" & FLOOR(I6,10000)/1000 & " - $" & FLOOR(I6,10000)/1000+10 & "K")) -> $100K and up | K6: 0 | L6: 0 | M6: =Table1[[#This Row],[Teenhome]]+Table1[[#This Row],[Kidhome]] -> 0 | N6: 41393 | O6: =(Table1[[#This Row],[DataSetDate]]-Table1[[#This Row],[Dt_Customer]])/365 -> 7.7780822 | P6: 44232 | Q6: 13 | R6: 1 | S6: 0 | T6: 1725 | U6: 2 | V6: 1 | W6: 1 | X6: 0 | Y6: 0 | Z6: =IF(Y6>=7,"High",IF(Y6>=3,"Medium","Low")) -> Low | AA6: =Y6 + (RAND() - 0.5) * 0.8 -> -0.37063109 | AB6: 28 | AC6: 0 | AD6: =AC6 + (RAND() - 0.5) * 0.8 -> -0.11406868 | AE6: 1 | AF6: 0 | AG6: 0 | AH6: 0 | AI6: 0 | AJ6: 0 | AK6: 0 | AL6: 0 | AM6: Saudi Arabia
A7: 11181 | B7: 1949 | C7: =2021-Table1[[#This Row],[Year_Birth]] -> 72 | D7: PhD | E7: {=_xlfn.SWITCH(Table1[[#This Row],[Education]],"Graduation","Bachelor’s","Basic","High School","2n Cycle","Master’s","Master","Master’s","PhD","PhD","Other")} -> PhD | F7: Married | G7: Married | H7: {=_xlfn.SWITCH(Table1[[#This Row],[Marital_Status_mod]],"Together","Couple","Married","Couple","Divorced","Single","Single","Single","Widow","Single","Other")} -> Couple | I7: 156924 | J7: =IF(I7<10000, "Up to $10K", IF(I7>=100000, "$100K and up", "$" & FLOOR(I7,10000)/1000 & " - $" & FLOOR(I7,10000)/1000+10 & "K")) -> $100K and up | K7: 0 | L7: 0 | M7: =Table1[[#This Row],[Teenhome]]+Table1[[#This Row],[Kidhome]] -> 0 | N7: 41515 | O7: =(Table1[[#This Row],[DataSetDate]]-Table1[[#This Row],[Dt_Customer]])/365 -> 7.4438356 | P7: 44232 | Q7: 85 | R7: 2 | S7: 1 | T7: 2 | U7: 1 | V7: 1 | W7: 1 | X7: 0 | Y7: 0 | Z7: =IF(Y7>=7,"High",IF(Y7>=3,"Medium","Low")) -> Low | AA7: =Y7 + (RAND() - 0.5) * 0.8 -> 0.35768688 | AB7: 0 | AC7: 0 | AD7: =AC7 + (RAND() - 0.5) * 0.8 -> 0.089512478 | AE7: 0 | AF7: 0 | AG7: 0 | AH7: 0 | AI7: 0 | AJ7: 0 | AK7: 0 | AL7: 0 | AM7: Canada
A8: 5555 | B8: 1975 | C8: =2021-Table1[[#This Row],[Year_Birth]] -> 46 | D8: Graduation | E8: {=_xlfn.SWITCH(Table1[[#This Row],[Education]],"Graduation","Bachelor’s","Basic","High School","2n Cycle","Master’s","Master","Master’s","PhD","PhD","Other")} -> Bachelor’s | F8: Divorced | G8: Divorced | H8: {=_xlfn.SWITCH(Table1[[#This Row],[Marital_Status_mod]],"Together","Couple","Married","Couple","Divorced","Single","Single","Single","Widow","Single","Other")} -> Single | I8: 153924 | J8: =IF(I8<10000, "Up to $10K", IF(I8>=100000, "$100K and up", "$" & FLOOR(I8,10000)/1000 & " - $" & FLOOR(I8,10000)/1000+10 & "K")) -> $100K and up | K8: 0 | L8: 0 | M8: =Table1[[#This Row],[Teenhome]]+Table1[[#This Row],[Kidhome]] -> 0 | N8: 41677 | O8: =(Table1[[#This Row],[DataSetDate]]-Table1[[#This Row],[Dt_Customer]])/365 -> 7 | P8: 44232 | Q8: 81 | R8: 1 | S8: 1 | T8: 1 | U8: 1 | V8: 1 | W8: 1 | X8: 0 | Y8: 0 | Z8: =IF(Y8>=7,"High",IF(Y8>=3,"Medium","Low")) -> Low | AA8: =Y8 + (RAND() - 0.5) * 0.8 -> 0.33242759 | AB8: 0 | AC8: 0 | AD8: =AC8 + (RAND() - 0.5) * 0.8 -> 0.10279853 | AE8: 0 | AF8: 0 | AG8: 0 | AH8: 0 | AI8: 0 | AJ8: 0 | AK8: 0 | AL8: 0 | AM8: Spain
A9: 4619 | B9: 1945 | C9: =2021-Table1[[#This Row],[Year_Birth]] -> 76 | D9: PhD | E9: {=_xlfn.SWITCH(Table1[[#This Row],[Education]],"Graduation","Bachelor’s","Basic","High School","2n Cycle","Master’s","Master","Master’s","PhD","PhD","Other")} -> PhD | F9: Single | G9: Single | H9: {=_xlfn.SWITCH(Table1[[#This Row],[Marital_Status_mod]],"Together","Couple","Married","Couple","Divorced","Single","Single","Single","Widow","Single","Other")} -> Single | I9: 113734 | J9: =IF(I9<10000, "Up to $10K", IF(I9>=100000, "$100K and up", "$" & FLOOR(I9,10000)/1000 & " - $" & FLOOR(I9,10000)/1000+10 & "K")) -> $100K and up | K9: 0 | L9: 0 | M9: =Table1[[#This Row],[Teenhome]]+Table1[[#This Row],[Kidhome]] -> 0 | N9: 41787 | O9: =(Table1[[#This Row],[DataSetDate]]-Table1[[#This Row],[Dt_Customer]])/365 -> 6.6986301 | P9: 44232 | Q9: 9 | R9: 6 | S9: 2 | T9: 3 | U9: 1 | V9: 262 | W9: 3 | X9: 0 | Y9: 27 | Z9: =IF(Y9>=7,"High",IF(Y9>=3,"Medium","Low")) -> High | AA9: =Y9 + (RAND() - 0.5) * 0.8 -> 27.251377 | AB9: 0 | AC9: 0 | AD9: =AC9 + (RAND() - 0.5) * 0.8 -> 0.097523524 | AE9: 1 | AF9: 0 | AG9: 0 | AH9: 0 | AI9: 0 | AJ9: 0 | AK9: 0 | AL9: 0 | AM9: Spain
A10: 4611 | B10: 1970 | C10: =2021-Table1[[#This Row],[Year_Birth]] -> 51 | D10: Graduation | E10: {=_xlfn.SWITCH(Table1[[#This Row],[Education]],"Graduation","Bachelor’s","Basic","High School","2n Cycle","Master’s","Master","Master’s","PhD","PhD","Other")} -> Bachelor’s | F10: Together | G10: Together | H10: {=_xlfn.SWITCH(Table1[[#This Row],[Marital_Status_mod]],"Together","Couple","Married","Couple","Divorced","Single","Single","Single","Widow","Single","Other")} -> Couple | I10: 105471 | J10: =IF(I10<10000, "Up to $10K", IF(I10>=100000, "$100K and up", "$" & FLOOR(I10,10000)/1000 & " - $" & FLOOR(I10,10000)/1000+10 & "K")) -> $100K and up | K10: 0 | L10: 0 | M10: =Table1[[#This Row],[Teenhome]]+Table1[[#This Row],[Kidhome]] -> 0 | N10: 41295 | O10: =(Table1[[#This Row],[DataSetDate]]-Table1[[#This Row],[Dt_Customer]])/365 -> 8.0465753 | P10: 44232 | Q10: 36 | R10: 1009 | S10: 181 | T10: 104 | U10: 202 | V10: 21 | W10: 207 | X10: 0 | Y10: 9 | Z10: =IF(Y10>=7,"High",IF(Y10>=3,"Medium","Low")) -> High | AA10: =Y10 + (RAND() - 0.5) * 0.8 -> 9.1816903 | AB10: 8 | AC10: 13 | AD10: =AC10 + (RAND() - 0.5) * 0.8 -> 12.759347 | AE10: 3 | AF10: 1 | AG10: 0 | AH10: 0 | AI10: 0 | AJ10: 1 | AK10: 1 | AL10: 0 | AM10: Spain
A11: 10089 | B11: 1974 | C11: =2021-Table1[[#This Row],[Year_Birth]] -> 47 | D11: Graduation | E11: {=_xlfn.SWITCH(Table1[[#This Row],[Education]],"Graduation","Bachelor’s","Basic","High School","2n Cycle","Master’s","Master","Master’s","PhD","PhD","Other")} -> Bachelor’s | F11: Divorced | G11: Divorced | H11: {=_xlfn.SWITCH(Table1[[#This Row],[Marital_Status_mod]],"Together","Couple","Married","Couple","Divorced","Single","Single","Single","Widow","Single","Other")} -> Single | I11: 102692 | J11: =IF(I11<10000, "Up to $10K", IF(I11>=100000, "$100K and up", "$" & FLOOR(I11,10000)/1000 & " - $" & FLOOR(I11,10000)/1000+10 & "K")) -> $100K and up | K11: 0 | L11: 0 | M11: =Table1[[#This Row],[Teenhome]]+Table1[[#This Row],[Kidhome]] -> 0 | N11: 41369 | O11: =(Table1[[#This Row],[DataSetDate]]-Table1[[#This Row],[Dt_Customer]])/365 -> 7.8438356 | P11: 44232 | Q11: 5 | R11: 168 | S11: 148 | T11: 444 | U11: 32 | V11: 172 | W11: 148 | X11: 1 | Y11: 6 | Z11: =IF(Y11>=7,"High",IF(Y11>=3,"Medium","Low")) -> Medium | AA11: =Y11 + (RAND() - 0.5) * 0.8 -> 6.3779882 | AB11: 9 | AC11: 13 | AD11: =AC11 + (RAND() - 0.5) * 0.8 -> 13.1087 | AE11: 2 | AF11: 1 | AG11: 1 | AH11: 0 | AI11: 1 | AJ11: 1 | AK11: 1 | AL11: 0 | AM11: Saudi Arabia
A12: 2798 | B12: 1977 | C12: =2021-Table1[[#This Row],[Year_Birth]] -> 44 | D12: PhD | E12: {=_xlfn.SWITCH(Table1[[#This Row],[Education]],"Graduation","Bachelor’s","Basic","High School","2n Cycle","Master’s","Master","Master’s","PhD","PhD","Other")} -> PhD | F12: Together | G12: Together | H12: {=_xlfn.SWITCH(Table1[[#This Row],[Marital_Status_mod]],"Together","Couple","Married","Couple","Divorced","Single","Single","Single","Widow","Single","Other")} -> Couple | I12: 102160 | J12: =IF(I12<10000, "Up to $10K", IF(I12>=100000, "$100K and up", "$" & FLOOR(I12,10000)/1000 & " - $" & FLOOR(I12,10000)/1000+10 & "K")) -> $100K and up | K12: 0 | L12: 0 | M12: =Table1[[#This Row],[Teenhome]]+Table1[[#This Row],[Kidhome]] -> 0 | N12: 41215 | O12: =(Table1[[#This Row],[DataSetDate]]-Table1[[#This Row],[Dt_Customer]])/365 -> 8.2657534 | P12: 44232 | Q12: 54 | R12: 763 | S12: 29 | T12: 138 | U12: 76 | V12: 176 | W12: 58 | X12: 0 | Y12: 7 | Z12: =IF(Y12>=7,"High",IF(Y12>=3,"Medium","Low")) -> High | AA12: =Y12 + (RAND() - 0.5) * 0.8 -> 6.9207332 | AB12: 9 | AC12: 10 | AD12: =AC12 + (RAND() - 0.5) * 0.8 -> 9.9434369 | AE12: 4 | AF12: 1 | AG12: 0 | AH12: 0 | AI12: 1 | AJ12: 1 | AK12: 1 | AL12: 0 | AM12: Saudi Arabia
A13: 7215 | B13: 1983 | C13: =2021-Table1[[#This Row],[Year_Birth]] -> 38 | D13: Graduation | E13: {=_xlfn.SWITCH(Table1[[#This Row],[Education]],"Graduation","Bachelor’s","Basic","High School","2n Cycle","Master’s","Master","Master’s","PhD","PhD","Other")} -> Bachelor’s | F13: Single | G13: Single | H13: {=_xlfn.SWITCH(Table1[[#This Row],[Marital_Status_mod]],"Together","Couple","Married","Couple","Divorced","Single","Single","Single","Widow","Single","Other")} -> Single | I13: 101970 | J13: =IF(I13<10000, "Up to $10K", IF(I13>=100000, "$100K and up", "$" & FLOOR(I13,10000)/1000 & " - $" & FLOOR(I13,10000)/1000+10 & "K")) -> $100K and up | K13: 0 | L13: 0 | M13: =Table1[[#This Row],[Teenhome]]+Table1[[#This Row],[Kidhome]] -> 0 | N13: 41345 | O13: =(Table1[[#This Row],[DataSetDate]]-Table1[[#This Row],[Dt_Customer]])/365 -> 7.909589 | P13: 44232 | Q13: 69 | R13: 722 | S13: 27 | T13: 102 | U13: 44 | V13: 72 | W13: 168 | X13: 0 | Y13: 6 | Z13: =IF(Y13>=7,"High",IF(Y13>=3,"Medium","Low")) -> Medium | AA13: =Y13 + (RAND() - 0.5) * 0.8 -> 5.6379083 | AB13: 8 | AC13: 13 | AD13: =AC13 + (RAND() - 0.5) * 0.8 -> 13.194877 | AE13: 2 | AF13: 1 | AG13: 0 | AH13: 0 | AI13: 1 | AJ13: 1 | AK13: 1 | AL13: 0 | AM13: Canada
... A2216: 6862 | B2216: 1971 | C2216: =2021-Table1[[#This Row],[Year_Birth]] -> 50 | D2216: Graduation | E2216: {=_xlfn.SWITCH(Table1[[#This Row],[Education]],"Graduation","Bachelor’s","Basic","High School","2n Cycle","Master’s","Master","Master’s","PhD","PhD","Other")} -> Bachelor’s | F2216: Divorced | G2216: Divorced | H2216: {=_xlfn.SWITCH(Table1[[#This Row],[Marital_Status_mod]],"Together","Couple","Married","Couple","Divorced","Single","Single","Single","Widow","Single","Other")} -> Single | I2216: 1730 | J2216: =IF(I2216<10000, "Up to $10K", IF(I2216>=100000, "$100K and up", "$" & FLOOR(I2216,10000)/1000 & " - $" & FLOOR(I2216,10000)/1000+10 & "K")) -> Up to $10K | K2216: 0 | L2216: 0 | M2216: =Table1[[#This Row],[Teenhome]]+Table1[[#This Row],[Kidhome]] -> 0 | N2216: 41777 | O2216: =(Table1[[#This Row],[DataSetDate]]-Table1[[#This Row],[Dt_Customer]])/365 -> 6.7260274 | P2216: 44232 | Q2216: 65 | R2216: 1 | S2216: 1 | T2216: 3 | U2216: 1 | V2216: 1 | W2216: 1 | X2216: 15 | Y2216: 0 | Z2216: =IF(Y2216>=7,"High",IF(Y2216>=3,"Medium","Low")) -> Low | AA2216: =Y2216 + (RAND() - 0.5) * 0.8 -> 0.3184906 | AB2216: 0 | AC2216: 0 | AD2216: =AC2216 + (RAND() - 0.5) * 0.8 -> 0.28071732 | AE2216: 20 | AF2216: 0 | AG2216: 0 | AH2216: 0 | AI2216: 0 | AJ2216: 0 | AK2216: 0 | AL2216: 0 | AM2216: Spain

Sheet DB Tables
B3: Row Labels | C3: Count of Approx_Age | J3: Sum of MntFruits | K3: Sum of MntSweetProducts | L3: Sum of MntFishProducts | M3: Sum of MntGoldProds | N3: Sum of MntMeatProducts | O3: Sum of MntWines
B4: 20-29 | C4: 0.012658228 | E4: 20-29 | F4: =GETPIVOTDATA("Approx_Age",$B$3,"Approx_Age",20) -> 0.012658228 | G4: =IF(F4=MAX($F$4:$F$10),F4,"") | J4: 58391 | K4: 59895 | L4: 83397 | M4: 97415 | N4: 370045 | O4: 676074
B5: 30-39 | C5: 0.14195298 | E5: 30-39 | F5: =GETPIVOTDATA("Approx_Age",$B$3,"Approx_Age",30) -> 0.14195298 | G5: =IF(F5=MAX($F$4:$F$10),F5,"")
B6: 40-49 | C6: 0.29294756 | E6: 40-49 | F6: =GETPIVOTDATA("Approx_Age",$B$3,"Approx_Age",40) -> 0.29294756 | G6: =IF(F6=MAX($F$4:$F$10),F6,"") -> 0.29294756 | J6: Fruits | K6: =GETPIVOTDATA("Sum of MntFruits",$J$3) -> 58391 | L6: =IF(K6=MAX($K$6:$K$11),K6,"")
B7: 50-59 | C7: 0.26175407 | E7: 50-59 | F7: =GETPIVOTDATA("Approx_Age",$B$3,"Approx_Age",50) -> 0.26175407 | G7: =IF(F7=MAX($F$4:$F$10),F7,"") | J7: Sweets | K7: =GETPIVOTDATA("Sum of MntSweetProducts",$J$3) -> 59895 | L7: =IF(K7=MAX($K$6:$K$11),K7,"")
B8: 60-69 | C8: 0.21066908 | E8: 60-69 | F8: =GETPIVOTDATA("Approx_Age",$B$3,"Approx_Age",60) -> 0.21066908 | G8: =IF(F8=MAX($F$4:$F$10),F8,"") | J8: Fish | K8: =GETPIVOTDATA("Sum of MntFishProducts",$J$3) -> 83397 | L8: =IF(K8=MAX($K$6:$K$11),K8,"")
B9: 70-79 | C9: 0.079113924 | E9: 70-79 | F9: =GETPIVOTDATA("Approx_Age",$B$3,"Approx_Age",70) -> 0.079113924 | G9: =IF(F9=MAX($F$4:$F$10),F9,"") | J9: Gold | K9: =GETPIVOTDATA("Sum of MntGoldProds",$J$3) -> 97415 | L9: =IF(K9=MAX($K$6:$K$11),K9,"")
B10: 80-89 | C10: 0.00090415913 | E10: 80-89 | F10: =GETPIVOTDATA("Approx_Age",$B$3,"Approx_Age",80) -> 0.00090415913 | G10: =IF(F10=MAX($F$4:$F$10),F10,"") | J10: Meat | K10: =GETPIVOTDATA("Sum of MntMeatProducts",$J$3) -> 370045 | L10: =IF(K10=MAX($K$6:$K$11),K10,"")
B11: Grand Total | C11: 1 | J11: Wines | K11: =GETPIVOTDATA("Sum of MntWines",$J$3) -> 676074 | L11: =IF(K11=MAX($K$6:$K$11),K11,"") -> 676074
B13: Median age: | C13: =MEDIAN(Table1[Approx_Age]) -> 51
B14: Mean age: | C14: =AVERAGE(Table1[Approx_Age]) -> 52.183296
J15: Values
J16: In-Store | K16: 12852
B17: Row Labels | C17: Count of Marital_Status_mod | J17: Online | K17: 9050
B18: Divorced | C18: 0.1049299 | E18: Divorced | F18: =GETPIVOTDATA("Marital_Status_mod",$B$17,"Marital_Status_mod","Divorced") -> 0.1049299 | G18: =IF(F18=MAX($F$18:$F$22),F18,"") | J18: Catalog | K18: 5918
B19: Married | C19: 0.38760742 | E19: Married | F19: =GETPIVOTDATA("Marital_Status_mod",$B$17,"Marital_Status_mod","Married") -> 0.38760742 | G19: =IF(F19=MAX($F$18:$F$22),F19,"") -> 0.38760742 | J19: Deals | K19: 5145
B20: Single | C20: 0.21438263 | E20: Single | F20: =GETPIVOTDATA("Marital_Status_mod",$B$17,"Marital_Status_mod","Single") -> 0.21438263 | G20: =IF(F20=MAX($F$18:$F$22),F20,"")
B21: Together | C21: 0.25870647 | E21: Together | F21: =GETPIVOTDATA("Marital_Status_mod",$B$17,"Marital_Status_mod","Together") -> 0.25870647 | G21: =IF(F21=MAX($F$18:$F$22),F21,"")
B22: Widow | C22: 0.034373587 | E22: Widow | F22: =GETPIVOTDATA("Marital_Status_mod",$B$17,"Marital_Status_mod","Widow") -> 0.034373587 | G22: =IF(F22=MAX($F$18:$F$22),F22,"")
B23: Grand Total | C23: 1 | J23: Sum of Response | K23: Sum of AcceptedCmp5 | L23: Sum of AcceptedCmp4 | M23: Sum of AcceptedCmp3 | N23: Sum of AcceptedCmp2 | O23: Sum of AcceptedCmp1
J24: 333 | K24: 162 | L24: 164 | M24: 163 | N24: 30 | O24: 142
B26: Row Labels | C26: Count of Country | J26: Campaign Zeta | K26: =GETPIVOTDATA("Sum of Response",$J$23) -> 333 | L26: =IF(K26=MAX($K$26:$K$31),K26,"") -> 333
B27: 0 | C27: 0.28577878 | E27: 0 | F27: =GETPIVOTDATA("Country",$B$26,"Total_Children",0) -> 0.28577878 | G27: =IF(F27=MAX($F$27:$F$30),F27,"") | J27: Campaign Epsilon | K27: =GETPIVOTDATA("Sum of AcceptedCmp5",$J$23) -> 162 | L27: =IF(K27=MAX($K$26:$K$31),K27,"")
B28: 1 | C28: 0.50383747 | E28: 1 | F28: =GETPIVOTDATA("Country",$B$26,"Total_Children",1) -> 0.50383747 | G28: =IF(F28=MAX($F$27:$F$30),F28,"") -> 0.50383747 | J28: Campaign Delta | K28: =GETPIVOTDATA("Sum of AcceptedCmp4",$J$23) -> 164 | L28: =IF(K28=MAX($K$26:$K$31),K28,"")
B29: 2 | C29: 0.18781038 | E29: 2 | F29: =GETPIVOTDATA("Country",$B$26,"Total_Children",2) -> 0.18781038 | G29: =IF(F29=MAX($F$27:$F$30),F29,"") | J29: Campaign Gamma | K29: =GETPIVOTDATA("Sum of AcceptedCmp3",$J$23) -> 163 | L29: =IF(K29=MAX($K$26:$K$31),K29,"")
B30: 3 | C30: 0.022573363 | E30: 3 | F30: =GETPIVOTDATA("Country",$B$26,"Total_Children",3) -> 0.022573363 | G30: =IF(F30=MAX($F$27:$F$30),F30,"") | J30: Campaign Beta | K30: =GETPIVOTDATA("Sum of AcceptedCmp2",$J$23) -> 30 | L30: =IF(K30=MAX($K$26:$K$31),K30,"")
B31: Grand Total | C31: 1 | J31: Campaign Alpha | K31: =GETPIVOTDATA("Sum of AcceptedCmp1",$J$23) -> 142 | L31: =IF(K31=MAX($K$26:$K$31),K31,"")
K32: =SUM(K26:K31) -> 994
B34: Row Labels | C34: Count of Income_mod2
B35: Up to $10K | C35: 0.013092551 | E35: Up to $10K | F35: =GETPIVOTDATA("Income_mod2",$B$34,"Income_mod2","Up to $10K") -> 0.013092551 | G35: =IF(F35=MAX($F$35:$F$45),F35,"") | J35: Row Labels | K35: Sum of NumWebPurchases
B36: $10 - $20K | C36: 0.044243792 | E36: $10 - $20K | F36: =GETPIVOTDATA("Income_mod2",$B$34,"Income_mod2","$10 - $20K") -> 0.044243792 | G36: =IF(F36=MAX($F$35:$F$45),F36,"") | J36: Up to $10K | K36: 89
B37: $20 - $30K | C37: 0.10970655 | E37: $20 - $30K | F37: =GETPIVOTDATA("Income_mod2",$B$34,"Income_mod2","$20 - $30K") -> 0.10970655 | G37: =IF(F37=MAX($F$35:$F$45),F37,"") | J37: $10 - $20K | K37: 173
B38: $30 - $40K | C38: 0.16343115 | E38: $30 - $40K | F38: =GETPIVOTDATA("Income_mod2",$B$34,"Income_mod2","$30 - $40K") -> 0.16343115 | G38: =IF(F38=MAX($F$35:$F$45),F38,"") -> 0.16343115 | J38: $20 - $30K | K38: 461
B39: $40 - $50K | C39: 0.14808126 | E39: $40 - $50K | F39: =GETPIVOTDATA("Income_mod2",$B$34,"Income_mod2","$40 - $50K") -> 0.14808126 | G39: =IF(F39=MAX($F$35:$F$45),F39,"") | J39: $30 - $40K | K39: 848
B40: $50 - $60K | C40: 0.14176072 | E40: $50 - $60K | F40: =GETPIVOTDATA("Income_mod2",$B$34,"Income_mod2","$50 - $60K") -> 0.14176072 | G40: =IF(F40=MAX($F$35:$F$45),F40,"") | J40: $40 - $50K | K40: 1208
B41: $60 - $70K | C41: 0.15079007 | E41: $60 - $70K | F41: =GETPIVOTDATA("Income_mod2",$B$34,"Income_mod2","$60 - $70K") -> 0.15079007 | G41: =IF(F41=MAX($F$35:$F$45),F41,"") | J41: $50 - $60K | K41: 1635
B42: $70 - $80K | C42: 0.13137698 | E42: $70 - $80K | F42: =GETPIVOTDATA("Income_mod2",$B$34,"Income_mod2","$70 - $80K") -> 0.13137698 | G42: =IF(F42=MAX($F$35:$F$45),F42,"") | J42: $60 - $70K | K42: 1970
B43: $80 - $90K | C43: 0.073589165 | E43: $80 - $90K | F43: =GETPIVOTDATA("Income_mod2",$B$34,"Income_mod2","$80 - $90K") -> 0.073589165 | G43: =IF(F43=MAX($F$35:$F$45),F43,"") | J43: $70 - $80K | K43: 1568
B44: $90 - $100K | C44: 0.018510158 | E44: $90 - $100K | F44: =GETPIVOTDATA("Income_mod2",$B$34,"Income_mod2","$90 - $100K") -> 0.018510158 | G44: =IF(F44=MAX($F$35:$F$45),F44,"") | J44: $80 - $90K | K44: 827
B45: $100K and up | C45: 0.0054176072 | E45: $100K and up | F45: =GETPIVOTDATA("Income_mod2",$B$34,"Income_mod2","$100K and up") -> 0.0054176072 | G45: =IF(F45=MAX($F$35:$F$45),F45,"") | J45: $90 - $100K | K45: 215
B46: Grand Total | C46: 1 | J46: $100K and up | K46: 56
J47: Grand Total | K47: 9050
B49: Row Labels | C49: Count of Education_mod | J49: Up to $10K | K49: =GETPIVOTDATA("NumWebPurchases",$J$35,"Income_mod2","Up to $10K") -> 89 | L49: =IF(K49=MAX($K$49:$K$59),K49,"")
B50: High School | C50: 0.024379233 | E50: High School | F50: =GETPIVOTDATA("Education_mod",$B$49,"Education_mod","High School") -> 0.024379233 | G50: =IF(F50=MAX($F$50:$F$53),F50,"") | J50: $10 - $20K | K50: =GETPIVOTDATA("NumWebPurchases",$J$35,"Income_mod2","$10 - $20K") -> 173 | L50: =IF(K50=MAX($K$49:$K$59),K50,"")
B51: Bachelor’s | C51: 0.503386 | E51: Bachelor’s | F51: =GETPIVOTDATA("Education_mod",$B$49,"Education_mod","Bachelor’s") -> 0.503386 | G51: =IF(F51=MAX($F$50:$F$53),F51,"") -> 0.503386 | J51: $20 - $30K | K51: =GETPIVOTDATA("NumWebPurchases",$J$35,"Income_mod2","$20 - $30K") -> 461 | L51: =IF(K51=MAX($K$49:$K$59),K51,"")
B52: Master’s | C52: 0.25507901 | E52: Master’s | F52: =GETPIVOTDATA("Education_mod",$B$49,"Education_mod","Master’s") -> 0.25507901 | G52: =IF(F52=MAX($F$50:$F$53),F52,"") | J52: $30 - $40K | K52: =GETPIVOTDATA("NumWebPurchases",$J$35,"Income_mod2","$30 - $40K") -> 848 | L52: =IF(K52=MAX($K$49:$K$59),K52,"")
B53: PhD | C53: 0.21715576 | E53: PhD | F53: =GETPIVOTDATA("Education_mod",$B$49,"Education_mod","PhD") -> 0.21715576 | G53: =IF(F53=MAX($F$50:$F$53),F53,"") | J53: $40 - $50K | K53: =GETPIVOTDATA("NumWebPurchases",$J$35,"Income_mod2","$40 - $50K") -> 1208 | L53: =IF(K53=MAX($K$49:$K$59),K53,"")
B54: Grand Total | C54: 1 | J54: $50 - $60K | K54: =GETPIVOTDATA("NumWebPurchases",$J$35,"Income_mod2","$50 - $60K") -> 1635 | L54: =IF(K54=MAX($K$49:$K$59),K54,"")
J55: $60 - $70K | K55: =GETPIVOTDATA("NumWebPurchases",$J$35,"Income_mod2","$60 - $70K") -> 1970 | L55: =IF(K55=MAX($K$49:$K$59),K55,"") -> 1970
J56: $70 - $80K | K56: =GETPIVOTDATA("NumWebPurchases",$J$35,"Income_mod2","$70 - $80K") -> 1568 | L56: =IF(K56=MAX($K$49:$K$59),K56,"")
J57: $80 - $90K | K57: =GETPIVOTDATA("NumWebPurchases",$J$35,"Income_mod2","$80 - $90K") -> 827 | L57: =IF(K57=MAX($K$49:$K$59),K57,"")
J58: $90 - $100K | K58: =GETPIVOTDATA("NumWebPurchases",$J$35,"Income_mod2","$90 - $100K") -> 215 | L58: =IF(K58=MAX($K$49:$K$59),K58,"")
J59: $100K and up | K59: =GETPIVOTDATA("NumWebPurchases",$J$35,"Income_mod2","$100K and up") -> 56 | L59: =IF(K59=MAX($K$49:$K$59),K59,"")
J62: Row Labels | K62: Count of Country
J63: Spain | K63: 1093
J64: Saudi Arabia | K64: 336
J65: Canada | K65: 266
J66: Australia | K66: 147
J67: India | K67: 147
J68: Germany | K68: 116
J69: USA | K69: 107
J70: Mexico | K70: 3
J71: Grand Total | K71: 2215
K73: =SUM(K63:K72)/2 -> 2215

Sheet removed rows
A1: ID | B1: Year_Birth | C1: Approx_Age | D1: Education | E1: Education_mod | F1: Marital_Status | G1: Marital_Status_mod | H1: Marital_binary | I1: Income | J1: Income_mod2 | K1: Kidhome | L1: Teenhome | M1: Total_Children | N1: Dt_Customer | O1: EnrollmentYears | P1: DataSetDate | Q1: Recency | R1: MntWines | S1: MntFruits | T1: MntMeatProducts | U1: MntFishProducts | V1: MntSweetProducts | W1: MntGoldProds | X1: NumDealsPurchases | Y1: NumWebPurchases | Z1: WebPurchGroup | AA1: Web_jitter | AB1: NumCatalogPurchases | AC1: NumStorePurchases | AD1: Store_jitter | AE1: NumWebVisitsMonth | AF1: AcceptedCmp1 | AG1: AcceptedCmp2 | AH1: AcceptedCmp3 | AI1: AcceptedCmp4 | AJ1: AcceptedCmp5 | AK1: Response | AL1: Complain | AM1: Country
A2: 9432 | B2: 1977 | C2: 44 | D2: Graduation | E2: Bachelor’s | F2: Together | G2: Together | H2: Couple | I2: 666666 | J2: $100K and up | K2: 1 | L2: 0 | M2: 1 | N2: 41427 | O2: 7.6849315 | P2: 44232 | Q2: 23 | R2: 9 | S2: 14 | T2: 18 | U2: 8 | V2: 1 | W2: 12 | X2: 4 | Y2: 3 | Z2: Medium | AA2: 2.8072656 | AB2: 1 | AC2: 3 | AD2: 2.7269098 | AE2: 6 | AF2: 0 | AG2: 0 | AH2: 0 | AI2: 0 | AJ2: 0 | AK2: 0 | AL2: 0 | AM2: Saudi Arabia
A4: 2437 | B4: 1989 | C4: 32 | D4: Graduation | E4: Bachelor’s | F4: Married | G4: Married | H4: Couple | K4: 0 | L4: 0 | M4: 0 | N4: 41428 | O4: 7.6821918 | P4: 44232 | Q4: 69 | R4: 861 | S4: 138 | T4: 461 | U4: 60 | V4: 30 | W4: 61 | X4: 1 | Y4: 6 | Z4: Medium | AA4: 6.1099213 | AB4: 5 | AC4: 12 | AD4: 11.944876 | AE4: 3 | AF4: 1 | AG4: 0 | AH4: 0 | AI4: 1 | AJ4: 0 | AK4: 0 | AL4: 0 | AM4: Spain
A5: 2863 | B5: 1970 | C5: 51 | D5: Graduation | E5: Bachelor’s | F5: Single | G5: Single | H5: Single | K5: 1 | L5: 2 | M5: 3 | N5: 41509 | O5: 7.460274 | P5: 44232 | Q5: 67 | R5: 738 | S5: 20 | T5: 172 | U5: 52 | V5: 50 | W5: 20 | X5: 6 | Y5: 2 | Z5: Low | AA5: 2.3737647 | AB5: 3 | AC5: 10 | AD5: 10.221644 | AE5: 7 | AF5: 1 | AG5: 0 | AH5: 0 | AI5: 1 | AJ5: 0 | AK5: 0 | AL5: 0 | AM5: Spain
A6: 5250 | B6: 1943 | C6: 78 | D6: Master | E6: Master’s | F6: Widow | G6: Widow | H6: Single | K6: 0 | L6: 0 | M6: 0 | N6: 41577 | O6: 7.2739726 | P6: 44232 | Q6: 75 | R6: 532 | S6: 126 | T6: 490 | U6: 164 | V6: 126 | W6: 126 | X6: 1 | Y6: 5 | Z6: Medium | AA6: 5.3228651 | AB6: 5 | AC6: 11 | AD6: 10.689453 | AE6: 1 | AF6: 0 | AG6: 0 | AH6: 0 | AI6: 0 | AJ6: 1 | AK6: 1 | AL6: 0 | AM6: Australia
A7: 5798 | B7: 1973 | C7: 48 | D7: Master | E7: Master’s | F7: Together | G7: Together | H7: Couple | K7: 0 | L7: 0 | M7: 0 | N7: 41601 | O7: 7.2082192 | P7: 44232 | Q7: 87 | R7: 445 | S7: 37 | T7: 359 | U7: 98 | V7: 28 | W7: 18 | X7: 1 | Y7: 2 | Z7: Low | AA7: 2.1188102 | AB7: 4 | AC7: 8 | AD7: 7.7911253 | AE7: 1 | AF7: 0 | AG7: 0 | AH7: 0 | AI7: 0 | AJ7: 0 | AK7: 0 | AL7: 0 | AM7: Germany
A8: 7187 | B8: 1969 | C8: 52 | D8: Master | E8: Master’s | F8: Together | G8: Together | H8: Couple | K8: 1 | L8: 1 | M8: 2 | N8: 41412 | O8: 7.7260274 | P8: 44232 | Q8: 52 | R8: 375 | S8: 42 | T8: 48 | U8: 94 | V8: 66 | W8: 96 | X8: 7 | Y8: 4 | Z8: Medium | AA8: 3.9881957 | AB8: 10 | AC8: 4 | AD8: 4.2774504 | AE8: 3 | AF8: 0 | AG8: 0 | AH8: 0 | AI8: 0 | AJ8: 0 | AK8: 0 | AL8: 0 | AM8: Australia
A9: 8268 | B9: 1961 | C9: 60 | D9: PhD | E9: PhD | F9: Married | G9: Married | H9: Couple | K9: 0 | L9: 1 | M9: 1 | N9: 41466 | O9: 7.5780822 | P9: 44232 | Q9: 23 | R9: 352 | S9: 0 | T9: 27 | U9: 10 | V9: 0 | W9: 15 | X9: 3 | Y9: 6 | Z9: Medium | AA9: 6.3019263 | AB9: 1 | AC9: 7 | AD9: 7.2774792 | AE9: 6 | AF9: 0 | AG9: 0 | AH9: 0 | AI9: 0 | AJ9: 0 | AK9: 0 | AL9: 0 | AM9: Canada
A10: 3117 | B10: 1955 | C10: 66 | D10: Graduation | E10: Bachelor’s | F10: Single | G10: Single | H10: Single | K10: 0 | L10: 1 | M10: 1 | N10: 41565 | O10: 7.3068493 | P10: 44232 | Q10: 95 | R10: 264 | S10: 0 | T10: 21 | U10: 12 | V10: 6 | W10: 147 | X10: 3 | Y10: 6 | Z10: Medium | AA10: 5.8680523 | AB10: 1 | AC10: 5 | AD10: 4.6999766 | AE10: 7 | AF10: 0 | AG10: 0 | AH10: 0 | AI10: 0 | AJ10: 0 | AK10: 0 | AL10: 0 | AM10: Australia
A11: 1295 | B11: 1963 | C11: 58 | D11: Graduation | E11: Bachelor’s | F11: Married | G11: Married | H11: Couple | K11: 0 | L11: 1 | M11: 1 | N11: 41497 | O11: 7.4931507 | P11: 44232 | Q11: 96 | R11: 231 | S11: 65 | T11: 196 | U11: 38 | V11: 71 | W11: 124 | X11: 1 | Y11: 6 | Z11: Medium | AA11: 6.2848578 | AB11: 5 | AC11: 7 | AD11: 6.8516908 | AE11: 4 | AF11: 0 | AG11: 0 | AH11: 0 | AI11: 0 | AJ11: 0 | AK11: 0 | AL11: 0 | AM11: Canada
A12: 8996 | B12: 1957 | C12: 64 | D12: PhD | E12: PhD | F12: Married | G12: Married | H12: Couple | K12: 2 | L12: 1 | M12: 3 | N12: 41232 | O12: 8.2191781 | P12: 44232 | Q12: 4 | R12: 230 | S12: 42 | T12: 192 | U12: 49 | V12: 37 | W12: 53 | X12: 12 | Y12: 7 | Z12: High | AA12: 6.8793111 | AB12: 2 | AC12: 8 | AD12: 8.211002 | AE12: 9 | AF12: 0 | AG12: 0 | AH12: 0 | AI12: 0 | AJ12: 0 | AK12: 0 | AL12: 0 | AM12: Germany
A13: 10475 | B13: 1970 | C13: 51 | D13: Master | E13: Master’s | F13: Together | G13: Together | H13: Couple | K13: 0 | L13: 1 | M13: 1 | N13: 41365 | O13: 7.8547945 | P13: 44232 | Q13: 39 | R13: 187 | S13: 5 | T13: 65 | U13: 26 | V13: 20 | W13: 14 | X13: 2 | Y13: 4 | Z13: Medium | AA13: 3.961408 | AB13: 2 | AC13: 6 | AD13: 6.2238573 | AE13: 5 | AF13: 0 | AG13: 0 | AH13: 0 | AI13: 0 | AJ13: 0 | AK13: 0 | AL13: 0 | AM13: USA
A14: 10339 | B14: 1954 | C14: 67 | D14: Master | E14: Master’s | F14: Together | G14: Together | H14: Couple | K14: 0 | L14: 1 | M14: 1 | N14: 41448 | O14: 7.6273973 | P14: 44232 | Q14: 83 | R14: 161 | S14: 0 | T14: 22 | U14: 0 | V14: 0 | W14: 24 | X14: 2 | Y14: 4 | Z14: Medium | AA14: 4.3900059 | AB14: 1 | AC14: 4 | AD14: 4.1937949 | AE14: 6 | AF14: 0 | AG14: 0 | AH14: 0 | AI14: 0 | AJ14: 0 | AK14: 0 | AL14: 0 | AM14: Australia
A15: 7281 | B15: 1959 | C15: 62 | D15: PhD | E15: PhD | F15: Single | G15: Single | H15: Single | K15: 0 | L15: 0 | M15: 0 | N15: 41583 | O15: 7.2575342 | P15: 44232 | Q15: 80 | R15: 81 | S15: 11 | T15: 50 | U15: 3 | V15: 2 | W15: 39 | X15: 1 | Y15: 1 | Z15: Low | AA15: 0.71784506 | AB15: 3 | AC15: 4 | AD15: 3.7797684 | AE15: 2 | AF15: 0 | AG15: 0 | AH15: 0 | AI15: 0 | AJ15: 0 | AK15: 0 | AL15: 0 | AM15: Australia
... A27: 4345 | B27: 1964 | C27: 57 | D27: 2n Cycle | E27: Master’s | F27: Single | G27: Single | H27: Single | K27: 1 | L27: 1 | M27: 2 | N27: 41651 | O27: 7.0712329 | P27: 44232 | Q27: 49 | R27: 5 | S27: 1 | T27: 9 | U27: 2 | V27: 0 | W27: 4 | X27: 1 | Y27: 1 | Z27: Low | AA27: 1.2000039 | AB27: 0 | AC27: 2 | AD27: 2.3669279 | AE27: 7 | AF27: 0 | AG27: 0 | AH27: 0 | AI27: 0 | AJ27: 0 | AK27: 0 | AL27: 0 | AM27: Australia

Sheet Exploratory tables
T1: Income groupings using COUNTIFS and FREQUENCY
E2: Income | H2: Recency of Last Purchase (in days) | T2: 0
B3: Row Labels | C3: Count of Marital_Status | E3: Row Labels | F3: Count of Income | H3: Row Labels | I3: Count of Recency | K3: Sales Totals | T3: 10000 | U3: =COUNTIFS(Table1[Income],"<"&T3,Table1[Income],">"&T2) -> 29
B4: Absurd | C4: 2 | E4: 1730-11729 | F4: 35 | H4: 0-4 | I4: 135 | K4: Wines | L4: =SUM('marketing_data _ JGM review'!R:R) -> 676074 | T4: 20000 | U4: =COUNTIFS(Table1[Income],"<"&T4,Table1[Income],">"&T3) -> 98
B5: Alone | C5: 3 | E5: 11730-21729 | F5: 118 | H5: 5-9 | I5: 97 | K5: Fruits | L5: =SUM('marketing_data _ JGM review'!S:S) -> 58391 | T5: 30000 | U5: =COUNTIFS(Table1[Income],"<"&T5,Table1[Income],">"&T4) -> 243
B6: Divorced | C6: 232 | E6: 21730-31729 | F6: 281 | H6: 10-14 | I6: 121 | K6: Meat | L6: =SUM('marketing_data _ JGM review'!T:T) -> 370045 | T6: 40000 | U6: =COUNTIFS(Table1[Income],"<"&T6,Table1[Income],">"&T5) -> 362
B7: Married | C7: 857 | E7: 31730-41729 | F7: 353 | H7: 15-19 | I7: 99 | K7: Fish | L7: =SUM('marketing_data _ JGM review'!U:U) -> 83397 | T7: 50000 | U7: =COUNTIFS(Table1[Income],"<"&T7,Table1[Income],">"&T6) -> 328
B8: Single | C8: 471 | E8: 41730-51729 | F8: 333 | H8: 20-24 | I8: 109 | K8: Sweets | L8: =SUM('marketing_data _ JGM review'!V:V) -> 59895 | T8: 60000 | U8: =COUNTIFS(Table1[Income],"<"&T8,Table1[Income],">"&T7) -> 314
B9: Together | C9: 572 | E9: 51730-61729 | F9: 305 | H9: 25-29 | I9: 124 | K9: Gold | L9: =SUM('marketing_data _ JGM review'!W:W) -> 97415 | T9: 70000 | U9: =COUNTIFS(Table1[Income],"<"&T9,Table1[Income],">"&T8) -> 333
B10: Widow | C10: 76 | E10: 61730-71729 | F10: 346 | H10: 30-34 | I10: 111 | K10: TOTAL | L10: =SUM(L4:L9) -> 1345217 | T10: 80000 | U10: =COUNTIFS(Table1[Income],"<"&T10,Table1[Income],">"&T9) -> 291
B11: YOLO | C11: 2 | E11: 71730-81729 | F11: 277 | H11: 35-39 | I11: 102 | T11: 90000 | U11: =COUNTIFS(Table1[Income],"<"&T11,Table1[Income],">"&T10) -> 163
B12: Grand Total | C12: 2215 | E12: 81730-91729 | F12: 131 | H12: 40-44 | I12: 91 | K12: Purchase Type Totals | T12: 100000 | U12: =COUNTIFS(Table1[Income],"<"&T12,Table1[Income],">"&T11) -> 40
E13: 91730-101729 | F13: 24 | H13: 45-49 | I13: 123 | K13: w/Discount | L13: =SUM(Table1[NumDealsPurchases]) -> 5145 | T13: Over 100,000 | U13: 13
B14: Row Labels | C14: Count of Education | E14: 101730-111729 | F14: 4 | H14: 50-54 | I14: 122 | K14: via Website | L14: =SUM('marketing_data _ JGM review'!Y:Y) -> 9050
B15: 2n Cycle | C15: 200 | E15: 111730-121729 | F15: 1 | H15: 55-59 | I15: 109 | K15: Catalogue | L15: =SUM('marketing_data _ JGM review'!AB:AB) -> 5918 | T15: 0 | U15: {=FREQUENCY(Table1[Income],'Exploratory tables'!T15:T25)} -> 0
B16: Basic | C16: 54 | E16: 151730-161729 | F16: 6 | H16: 60-64 | I16: 108 | K16: In Stores | L16: =SUM('marketing_data _ JGM review'!AC:AC) -> 12852 | T16: 10000 | U16: 29 | V16: Up to $10K | W16: =U16/SUM($U$16:$U$26) -> 0.013092551
B17: Graduation | C17: 1115 | E17: 161730-171729 | F17: 1 | H17: 65-69 | I17: 103 | T17: 20000 | U17: 98 | V17: 10K to 20K | W17: =U17/SUM($U$16:$U$26) -> 0.044243792
B18: Master | C18: 365 | E18: Grand Total | F18: 2215 | H18: 70-74 | I18: 120 | K18: Campaign Acceptances | T18: 30000 | U18: 243 | V18: 20K to 30K | W18: =U18/SUM($U$16:$U$26) -> 0.10970655
B19: PhD | C19: 481 | G19: 24 blank | H19: 75-79 | I19: 103 | K19: 1st | L19: =SUM('marketing_data _ JGM review'!AF:AF) -> 142 | M19: =L19/$L$25 -> 0.14285714 | T19: 40000 | U19: 362 | V19: 30K to 40K | W19: =U19/SUM($U$16:$U$26) -> 0.16343115
B20: Grand Total | C20: 2215 | E20: Mean income: | F20: =AVERAGE('marketing_data _ JGM review'!I:I) -> 51969.861 | H20: 80-84 | I20: 118 | K20: 2nd | L20: =SUM(Table1[AcceptedCmp2]) -> 30 | M20: =L20/$L$25 -> 0.030181087 | T20: 50000 | U20: 328 | V20: 40K to 50K | W20: =U20/SUM($U$16:$U$26) -> 0.14808126
E21: Income median: | F21: =MEDIAN(Table1[Income]) -> 51373 | H21: 85-89 | I21: 105 | K21: 3rd | L21: =SUM('marketing_data _ JGM review'!AH:AH) -> 163 | M21: =L21/$L$25 -> 0.1639839 | T21: 60000 | U21: 315 | V21: 50K to 60K | W21: =U21/SUM($U$16:$U$26) -> 0.14221219
H22: 90-94 | I22: 115 | K22: 4th | L22: =SUM('marketing_data _ JGM review'!AI:AI) -> 164 | M22: =L22/$L$25 -> 0.16498994 | T22: 70000 | U22: 333 | V22: 60K to 70K | W22: =U22/SUM($U$16:$U$26) -> 0.1503386
H23: 95-100 | I23: 100 | K23: 5th | L23: =SUM('marketing_data _ JGM review'!AJ:AJ) -> 162 | M23: =L23/$L$25 -> 0.16297787 | T23: 80000 | U23: 291 | V23: 70K to 80K | W23: =U23/SUM($U$16:$U$26) -> 0.13137698
H24: Grand Total | I24: 2215 | K24: Last | L24: =SUM(Table1[Response]) -> 333 | M24: =L24/$L$25 -> 0.33501006 | T24: 90000 | U24: 164 | V24: 80K to 90K | W24: =U24/SUM($U$16:$U$26) -> 0.074040632
K25: TOTAL | L25: =SUM(L19:L24) -> 994 | T25: 100000 | U25: 40 | V25: 90K to 100K | W25: =U25/SUM($U$16:$U$26) -> 0.018058691
B26: Length of enrollment | T26: Over 100,000 | U26: 12 | V26: Over 100K | W26: =U26/SUM($U$16:$U$26) -> 0.0054176072
B27: Row Labels | C27: Count of EnrollmentYears
B28: 6-7 | C28: 445
B29: 7-8 | C29: 1155
B30: 8-9 | C30: 615
B31: Grand Total | C31: 2215
B33: Average length of enrollment: | D33: =AVERAGE(Table1[EnrollmentYears]) -> 7.5794626
K34: Row Labels | L34: Discounts | M34: Catalog | N34: Website | O34: Store
B35: Products by Country (with grand total) | K35: Australia | L35: 334 | M35: 397 | N35: 595 | O35: 830
B36: Row Labels | C36: Wine | D36: Fruit | E36: Meat | F36: Fish | G36: Sweets | H36: Gold | I36: Sum of Purchase_total | K36: Canada | L36: 640 | M36: 729 | N36: 1142 | O36: 1554
B37: Spain | C37: 336392 | D37: 28288 | E37: 178409 | F37: 40153 | G37: 30134 | H37: 46181 | I37: 659557 | K37: Germany | L37: 241 | M37: 326 | N37: 464 | O37: 700
B38: Saudi Arabia | C38: 105909 | D38: 8923 | E38: 58380 | F38: 13662 | G38: 9018 | H38: 15117 | I38: 211009 | K38: India | L38: 365 | M38: 365 | N38: 584 | O38: 784
B39: Canada | C39: 84066 | D39: 7681 | E39: 45925 | F39: 9980 | G39: 7607 | H39: 12144 | I39: 167403 | K39: Mexico | L39: 7 | M39: 15 | N39: 18 | O39: 19
B40: Australia | C40: 42752 | D40: 3689 | E40: 22328 | F40: 5546 | G40: 4129 | H40: 7132 | I40: 85576 | K40: Saudi Arabia | L40: 811 | M40: 916 | N40: 1394 | O40: 1985
B41: India | C41: 36236 | D41: 3788 | E41: 23729 | F41: 4818 | G41: 3221 | H41: 6014 | I41: 77806 | K41: Spain | L41: 2462 | M41: 2841 | N41: 4374 | O41: 6330
B42: Germany | C42: 36776 | D42: 2980 | E42: 20272 | F42: 4601 | G42: 2801 | H42: 5768 | I42: 73198 | K42: USA | L42: 285 | M42: 329 | N42: 479 | O42: 650
B43: USA | C43: 32214 | D43: 3034 | E43: 20185 | F43: 4411 | G43: 2863 | H43: 4839 | I43: 67546 | K43: Grand Total | L43: 5145 | M43: 5918 | N43: 9050 | O43: 12852
B44: Mexico | C44: 1729 | D44: 8 | E44: 817 | F44: 226 | G44: 122 | H44: 220 | I44: 3122
B45: Grand Total | C45: 676074 | D45: 58391 | E45: 370045 | F45: 83397 | G45: 59895 | H45: 97415 | I45: 1345217
B69: Products by Country (without grand total)
B70: Row Labels | C70: Sum of MntWines | D70: Sum of MntFruits | E70: Sum of MntMeatProducts | F70: Sum of MntFishProducts | G70: Sum of MntSweetProducts | H70: Sum of MntGoldProds
B71: Australia | C71: 42752 | D71: 3689 | E71: 22328 | F71: 5546 | G71: 4129 | H71: 7132
B72: Canada | C72: 84066 | D72: 7681 | E72: 45925 | F72: 9980 | G72: 7607 | H72: 12144
B73: Germany | C73: 36776 | D73: 2980 | E73: 20272 | F73: 4601 | G73: 2801 | H73: 5768
B74: India | C74: 36236 | D74: 3788 | E74: 23729 | F74: 4818 | G74: 3221 | H74: 6014
B75: Mexico | C75: 1729 | D75: 8 | E75: 817 | F75: 226 | G75: 122 | H75: 220
B76: Saudi Arabia | C76: 105909 | D76: 8923 | E76: 58380 | F76: 13662 | G76: 9018 | H76: 15117
B77: Spain | C77: 336392 | D77: 28288 | E77: 178409 | F77: 40153 | G77: 30134 | H77: 46181
B78: USA | C78: 32214 | D78: 3034 | E78: 20185 | F78: 4411 | G78: 2863 | H78: 4839
B79: Grand Total | C79: 676074 | D79: 58391 | E79: 370045 | F79: 83397 | G79: 59895 | H79: 97415

Sheet Unused charts

Sheet Web v various
A2: Web Purchases (Y-axis) v In-Store Purchases (X-axis)
A3: Count of NumWebPurchases | B3: Column Labels | S3: Web purchases by marital status
A4: Row Labels | B4: 0 | C4: 1 | D4: 2 | E4: 3 | F4: 4 | G4: 5 | H4: 6 | I4: 7 | J4: 8 | K4: 9 | L4: 10 | M4: 11 | N4: 12 | O4: 13 | S4: Row Labels | T4: Sum of NumWebPurchases | X4: Row Labels | Y4: Sum of NumWebPurchases
A5: 0 | B5: 10 | C5: 3 | D5: 7 | E5: 28 | S5: Married | T5: 3501 | X5: 1730-11729 | Y5: 101
A6: 1 | B6: 2 | C6: 2 | D6: 142 | E6: 165 | F6: 30 | G6: 3 | H6: 2 | I6: 1 | K6: 1 | S6: Together | T6: 2348 | X6: 11730-21729 | Y6: 210
A7: 2 | D7: 36 | E7: 172 | F7: 91 | G7: 17 | H7: 11 | I7: 4 | J7: 6 | K7: 7 | L7: 6 | M7: 3 | N7: 8 | O7: 7 | S7: Single | T7: 1814 | X7: 21730-31729 | Y7: 529
A8: 3 | D8: 29 | E8: 86 | F8: 65 | G8: 21 | H8: 26 | I8: 22 | J8: 25 | K8: 12 | L8: 18 | M8: 10 | N8: 8 | O8: 11 | S8: Divorced | T8: 1000 | X8: 31730-41729 | Y8: 901
A9: 4 | D9: 3 | E9: 19 | F9: 47 | G9: 41 | H9: 34 | I9: 25 | J9: 30 | K9: 19 | L9: 24 | M9: 13 | N9: 10 | O9: 12 | S9: Widow | T9: 351 | X9: 41730-51729 | Y9: 1308
A10: 5 | D10: 2 | E10: 5 | F10: 31 | G10: 43 | H10: 29 | I10: 18 | J10: 21 | K10: 11 | L10: 17 | M10: 11 | N10: 26 | O10: 5 | S10: Alone | T10: 15 | X10: 51730-61729 | Y10: 1696
A11: 6 | D11: 1 | E11: 2 | F11: 22 | G11: 36 | H11: 20 | I11: 17 | J11: 12 | K11: 16 | L11: 19 | M11: 16 | N11: 19 | O11: 21 | S11: YOLO | T11: 14 | X11: 61730-71729 | Y11: 1982
A12: 7 | E12: 5 | F12: 8 | G12: 21 | H12: 18 | I12: 21 | J12: 17 | K12: 12 | L12: 19 | M12: 9 | N12: 12 | O12: 12 | S12: Absurd | T12: 7 | X12: 71730-81729 | Y12: 1467
A13: 8 | E13: 1 | F13: 12 | G13: 13 | H13: 19 | I13: 16 | J13: 11 | K13: 7 | L13: 6 | M13: 9 | N13: 3 | O13: 5 | X13: 81730-91729 | Y13: 669
A14: 9 | F14: 8 | G14: 8 | H14: 8 | I14: 6 | J14: 9 | K14: 14 | L14: 4 | M14: 3 | N14: 9 | O14: 6 | S14: People in couples: | T14: =SUM(T5:T6) -> 5849 | U14: =TEXT(T14/T15,"0%") & " of singles" -> 184% of singles | X14: 91730-101729 | Y14: 131
A15: 10 | F15: 2 | G15: 4 | H15: 5 | I15: 9 | J15: 6 | K15: 2 | L15: 7 | M15: 1 | N15: 4 | O15: 3 | S15: People solo: | T15: =SUM(T7:T10) -> 3180 | U15: =TEXT(T15/T14,"#%")&" of couples" -> 54% of couples | X15: 101730-111729 | Y15: 28
A16: 11 | F16: 3 | G16: 4 | H16: 5 | I16: 2 | J16: 10 | K16: 5 | L16: 4 | M16: 5 | N16: 5 | O16: 1 | X16: 111730-121729 | Y16: 27
A17: 23 | C17: 1 | X17: 151730-161729 | Y17: 1
A18: 25 | B18: 1 | X18: 161730-171729 | Y18: 0
A19: 27 | B19: 1
S20: Web purchases by education
S21: Row Labels | T21: Sum of NumWebPurchases
S22: Graduation | T22: 4590
S23: PhD | T23: 2132 | AA23: Row Labels | AB23: Sum of NumWebPurchases | AD23: Row Labels | AE23: Sum of NumWebPurchases
S24: Master | T24: 1473 | AA24: Married | AB24: 3501 | AD24: High School | AE24: 0.011270718
S25: 2n Cycle | T25: 753 | AA25: Together | AB25: 2348 | AD25: Bachelor’s | AE25: 0.50718232
S26: Basic | T26: 102 | AA26: Divorced | AB26: 1000 | AD26: Master’s | AE26: 0.24596685
AA27: Single | AB27: 1829 | AD27: PhD | AE27: 0.23558011
AA28: Widow | AB28: 351
S29: Web purchases by education | AA29: Grand Total | AB29: 9029
S30: Graduation | T30: {=SUM(_xlfn._xlws.FILTER(Table1[NumWebPurchases],Table1[Education]='Web v various'!S30))} -> 4590
S31: PhD | T31: {=SUM(_xlfn._xlws.FILTER(Table1[NumWebPurchases],Table1[Education]='Web v various'!S31))} -> 2132
S32: Master | T32: {=SUM(_xlfn._xlws.FILTER(Table1[NumWebPurchases],Table1[Education]='Web v various'!S32))} -> 1473 | AA32: Row Labels | AB32: Sum of NumWebPurchases
S33: 2n Cycle | T33: {=SUM(_xlfn._xlws.FILTER(Table1[NumWebPurchases],Table1[Education]='Web v various'!S33))} -> 753 | AA33: Couple | AB33: 5849
S34: Basic | T34: {=SUM(_xlfn._xlws.FILTER(Table1[NumWebPurchases],Table1[Education]='Web v various'!S34))} -> 102 | AA34: Single | AB34: 3180
AA35: Grand Total | AB35: 9029

Sheet Web v in_store
A1: NumWebPurchases | B1: NumStorePurchases
A2: 3 | B2: 3
A3: 0 | B3: 1
A4: 0 | B4: 1 | D4: SUMMARY OUTPUT
A5: 1 | B5: 1
A6: 0 | B6: 0 | D6: Regression Statistics
A7: 0 | B7: 0 | D7: Multiple R | E7: 0.50271341
A8: 0 | B8: 0 | D8: R Square | E8: 0.25272078
A9: 0 | B9: 0 | D9: Adjusted R Square | E9: 0.25238687
A10: 27 | B10: 0 | D10: Standard Error | E10: 2.4026048
A11: 9 | B11: 13 | D11: Observations | E11: 2240
A12: 6 | B12: 13
A13: 7 | B13: 10 | D13: ANOVA
A14: 6 | B14: 13 | E14: df | F14: SS | G14: MS | H14: F | I14: Significance F
A15: 4 | B15: 9 | D15: Regression | E15: 1 | F15: 4369.0074 | G15: 4369.0074 | H15: 756.86447 | I15: 8.9628024e-144
A16: 4 | B16: 9 | D16: Residual | E16: 2238 | F16: 12918.876 | G16: 5.7725096
A17: 7 | B17: 9 | D17: Total | E17: 2239 | F17: 17287.884
A18: 6 | B18: 10
A19: 7 | B19: 8 | E19: Coefficients | F19: Standard Error | G19: t Stat | H19: P-value | I19: Lower 95% | J19: Upper 95% | K19: Lower 95.0% | L19: Upper 95.0%
A20: 7 | B20: 7 | D20: Intercept | E20: 1.5968527 | F20: 0.10370862 | G20: 15.397493 | H20: 6.3244074e-51 | I20: 1.3934775 | J20: 1.8002278 | K20: 1.3934775 | L20: 1.8002278
A21: 4 | B21: 4 | D21: NumStorePurchases | E21: 0.42968774 | F21: 0.015618665 | G21: 27.51117 | H21: 8.9628024e-144 | I21: 0.39905916 | J21: 0.46031633 | K21: 0.39905916 | L21: 0.46031633
A22: 8 | B22: 4
A23: 5 | B23: 9
A24: 5 | B24: 5
A25: 5 | B25: 5 | D25: RESIDUAL OUTPUT
A26: 5 | B26: 5
A27: 6 | B27: 12 | D27: Observation | E27: Predicted NumWebPurchases | F27: Residuals
A28: 3 | B28: 7 | D28: 1 | E28: 2.8859159 | F28: 0.11408411
A29: 7 | B29: 5 | D29: 2 | E29: 2.0265404 | F29: -2.0265404
A30: 6 | B30: 9 | D30: 3 | E30: 2.0265404 | F30: -2.0265404
A31: 6 | B31: 13 | D31: 4 | E31: 2.0265404 | F31: -1.0265404
A32: 5 | B32: 12 | D32: 5 | E32: 1.5968527 | F32: -1.5968527
A33: 3 | B33: 13 | D33: 6 | E33: 1.5968527 | F33: -1.5968527
A34: 6 | B34: 11 | D34: 7 | E34: 1.5968527 | F34: -1.5968527
A35: 7 | B35: 12 | D35: 8 | E35: 1.5968527 | F35: -1.5968527
A36: 5 | B36: 5 | D36: 9 | E36: 1.5968527 | F36: 25.403147
A37: 5 | B37: 5 | D37: 10 | E37: 7.1827933 | F37: 1.8172067
A38: 5 | B38: 12 | D38: 11 | E38: 7.1827933 | F38: -1.1827933
A39: 9 | B39: 11 | D39: 12 | E39: 5.8937301 | F39: 1.1062699
... A2241: 1 | B2241: 2 | D2241: 2214 | E2241: 1.5968527 | F2241: -1.5968527
D2242: 2215 | E2242: 1.5968527 | F2242: -1.5968527
D2243: 2216 | E2243: 1.5968527 | F2243: -1.5968527
D2244: 2217 | E2244: 6.7531056 | F2244: -0.75310559
D2245: 2218 | E2245: 5.8937301 | F2245: -3.8937301
D2246: 2219 | E2246: 6.3234178 | F2246: -1.3234178
D2247: 2220 | E2247: 5.0343546 | F2247: -3.0343546
D2248: 2221 | E2248: 3.3156036 | F2248: 0.68439636
D2249: 2222 | E2249: 4.6046669 | F2249: 1.3953331
D2250: 2223 | E2250: 3.7452914 | F2250: 2.2547086
D2251: 2224 | E2251: 4.6046669 | F2251: 1.3953331
D2252: 2225 | E2252: 5.0343546 | F2252: 1.9656454
D2253: 2226 | E2253: 4.1749791 | F2253: -0.17497912
... D2267: 2240 | E2267: 2.4562281 | F2267: -1.4562281

Sheet Web v in_store 2
B3: Row Labels | C3: Average of NumStorePurchases
B4: Low Use | C4: 3.3599476
B5: Medium Use | C5: 6.7456311
B6: High Use | C6: 7.9263658
B7: Grand Total | C7: 5.8022573

Sheet ProductsPurchased
A1: Attribute | B1: Value | C1: ID
A2: Marital_binary | B2: Couple | C2: 1503 | E2: Row Labels | F2: Sum of Value
A3: MntWines | B3: 85 | C3: 1503 | E3: WebPurchGroup | F3: 0
A4: MntFruits | B4: 1 | C4: 1503 | E4: Marital_binary | F4: 0
A5: MntMeatProducts | B5: 16 | C5: 1503 | E5: Fruit | F5: 58391
A6: MntFishProducts | B6: 2 | C6: 1503 | E6: Sweets | F6: 59895
A7: MntSweetProducts | B7: 1 | C7: 1503 | E7: Fish | F7: 83397
A8: MntGoldProds | B8: 2 | C8: 1503 | E8: Gold | F8: 97415
A9: WebPurchGroup | B9: Low | C9: 1503 | E9: Meat | F9: 370045
A10: Marital_binary | B10: Couple | C10: 1501 | E10: Wine | F10: 676074
A11: MntWines | B11: 55 | C11: 1501 | E11: Grand Total | F11: 1345217
A12: MntFruits | B12: 16 | C12: 1501
A13: MntMeatProducts | B13: 1622 | C13: 1501
A14: MntFishProducts | B14: 17 | C14: 1501
A15: MntSweetProducts | B15: 3 | C15: 1501
A16: MntGoldProds | B16: 4 | C16: 1501
A17: WebPurchGroup | B17: Low | C17: 1501
A18: Marital_binary | B18: Couple | C18: 5336
A19: MntWines | B19: 39 | C19: 5336
A20: MntFruits | B20: 1 | C20: 5336
A21: MntMeatProducts | B21: 9 | C21: 5336
A22: MntFishProducts | B22: 2 | C22: 5336 | E22: I created this using PowerQuery … but then realized that I wouldn't be able to apply my slicer to it
A23: MntSweetProducts | B23: 0 | C23: 5336
A24: MntGoldProds | B24: 8 | C24: 5336
A25: WebPurchGroup | B25: Low | C25: 5336
A26: Marital_binary | B26: Couple | C26: 8475
A27: MntWines | B27: 20 | C27: 8475
A28: MntFruits | B28: 2 | C28: 8475
A29: MntMeatProducts | B29: 1582 | C29: 8475
A30: MntFishProducts | B30: 1 | C30: 8475
A31: MntSweetProducts | B31: 2 | C31: 8475
A32: MntGoldProds | B32: 1 | C32: 8475
A33: WebPurchGroup | B33: Low | C33: 8475
A34: Marital_binary | B34: Couple | C34: 4931
A35: MntWines | B35: 1 | C35: 4931
A36: MntFruits | B36: 0 | C36: 4931
A37: MntMeatProducts | B37: 1725 | C37: 4931
A38: MntFishProducts | B38: 2 | C38: 4931
A39: MntSweetProducts | B39: 1 | C39: 4931
A40: MntGoldProds | B40: 1 | C40: 4931
A41: WebPurchGroup | B41: Low | C41: 4931
A42: Marital_binary | B42: Couple | C42: 11181
A43: MntWines | B43: 2 | C43: 11181
A44: MntFruits | B44: 1 | C44: 11181
A45: MntMeatProducts | B45: 2 | C45: 11181
A46: MntFishProducts | B46: 1 | C46: 11181
A47: MntSweetProducts | B47: 1 | C47: 11181
A48: MntGoldProds | B48: 1 | C48: 11181
A49: WebPurchGroup | B49: Low | C49: 11181
A50: Marital_binary | B50: Single | C50: 5555
A51: MntWines | B51: 1 | C51: 5555
A52: MntFruits | B52: 1 | C52: 5555
A53: MntMeatProducts | B53: 1 | C53: 5555
A54: MntFishProducts | B54: 1 | C54: 5555
A55: MntSweetProducts | B55: 1 | C55: 5555
A56: MntGoldProds | B56: 1 | C56: 5555
A57: WebPurchGroup | B57: Low | C57: 5555
A58: Marital_binary | B58: Single | C58: 4619
A59: MntWines | B59: 6 | C59: 4619
A60: MntFruits | B60: 2 | C60: 4619
A61: MntMeatProducts | B61: 3 | C61: 4619
A62: MntFishProducts | B62: 1 | C62: 4619
A63: MntSweetProducts | B63: 262 | C63: 4619
A64: MntGoldProds | B64: 3 | C64: 4619
A65: WebPurchGroup | B65: High | C65: 4619
A66: Marital_binary | B66: Couple | C66: 4611
A67: MntWines | B67: 1009 | C67: 4611
A68: MntFruits | B68: 181 | C68: 4611
A69: MntMeatProducts | B69: 104 | C69: 4611
A70: MntFishProducts | B70: 202 | C70: 4611
A71: MntSweetProducts | B71: 21 | C71: 4611
A72: MntGoldProds | B72: 207 | C72: 4611
A73: WebPurchGroup | B73: High | C73: 4611
A74: Marital_binary | B74: Single | C74: 10089
A75: MntWines | B75: 168 | C75: 10089
A76: MntFruits | B76: 148 | C76: 10089
A77: MntMeatProducts | B77: 444 | C77: 10089
A78: MntFishProducts | B78: 32 | C78: 10089
A79: MntSweetProducts | B79: 172 | C79: 10089
A80: MntGoldProds | B80: 148 | C80: 10089
A81: WebPurchGroup | B81: Medium | C81: 10089
A82: Marital_binary | B82: Couple | C82: 2798
A83: MntWines | B83: 763 | C83: 2798
A84: MntFruits | B84: 29 | C84: 2798
A85: MntMeatProducts | B85: 138 | C85: 2798
A86: MntFishProducts | B86: 76 | C86: 2798
A87: MntSweetProducts | B87: 176 | C87: 2798
A88: MntGoldProds | B88: 58 | C88: 2798
A89: WebPurchGroup | B89: High | C89: 2798
A90: Marital_binary | B90: Single | C90: 7215
A91: MntWines | B91: 722 | C91: 7215
A92: MntFruits | B92: 27 | C92: 7215
A93: MntMeatProducts | B93: 102 | C93: 7215
A94: MntFishProducts | B94: 44 | C94: 7215
A95: MntSweetProducts | B95: 72 | C95: 7215
A96: MntGoldProds | B96: 168 | C96: 7215
A97: WebPurchGroup | B97: Medium | C97: 7215
A98: Marital_binary | B98: Single | C98: 4248
A99: MntWines | B99: 1000 | C99: 4248
A100: MntFruits | B100: 19 | C100: 4248
...

Sheet ProductPurchase2
A1: ID | B1: Country | C1: Attribute | D1: Value
A2: 1503 | B2: Spain | C2: MntWines | D2: 85
A3: 1503 | B3: Spain | C3: MntFruits | D3: 1
A4: 1503 | B4: Spain | C4: MntMeatProducts | D4: 16
A5: 1503 | B5: Spain | C5: MntFishProducts | D5: 2 | F5: Row Labels | G5: Sum of Value
A6: 1503 | B6: Spain | C6: MntSweetProducts | D6: 1 | F6: MntFishProducts | G6: 83397
A7: 1503 | B7: Spain | C7: MntGoldProds | D7: 2 | F7: MntFruits | G7: 58391
A8: 1501 | B8: USA | C8: MntWines | D8: 55 | F8: MntGoldProds | G8: 97415
A9: 1501 | B9: USA | C9: MntFruits | D9: 16 | F9: MntMeatProducts | G9: 370045
A10: 1501 | B10: USA | C10: MntMeatProducts | D10: 1622 | F10: MntSweetProducts | G10: 59895
A11: 1501 | B11: USA | C11: MntFishProducts | D11: 17 | F11: MntWines | G11: 676074
A12: 1501 | B12: USA | C12: MntSweetProducts | D12: 3 | F12: Grand Total | G12: 1345217
A13: 1501 | B13: USA | C13: MntGoldProds | D13: 4
A14: 5336 | B14: Spain | C14: MntWines | D14: 39
A15: 5336 | B15: Spain | C15: MntFruits | D15: 1
A16: 5336 | B16: Spain | C16: MntMeatProducts | D16: 9
A17: 5336 | B17: Spain | C17: MntFishProducts | D17: 2
A18: 5336 | B18: Spain | C18: MntSweetProducts | D18: 0
A19: 5336 | B19: Spain | C19: MntGoldProds | D19: 8
A20: 8475 | B20: India | C20: MntWines | D20: 20
A21: 8475 | B21: India | C21: MntFruits | D21: 2
A22: 8475 | B22: India | C22: MntMeatProducts | D22: 1582
A23: 8475 | B23: India | C23: MntFishProducts | D23: 1
A24: 8475 | B24: India | C24: MntSweetProducts | D24: 2
... A13291: 6862 | B13291: Spain | C13291: MntGoldProds | D13291: 1

Sheet Products by Country
A3: Row Labels | B3: Wine | C3: Meat | D3: Gold | E3: Fish | F3: Sweets | G3: Fruit
A4: Spain | B4: 336392 | C4: 178409 | D4: 46181 | E4: 40153 | F4: 30134 | G4: 28288 | M4: Spain | N4: Saudi Arabia | O4: Canada | P4: Australia | Q4: India | R4: Germany | S4: USA | T4: Mexico | U4: Total | X4: Spain | Y4: Saudi Arabia | Z4: Canada | AA4: Australia | AB4: India | AC4: Germany | AD4: USA | AE4: Mexico | AF4: Total
A5: Saudi Arabia | B5: 105909 | C5: 58380 | D5: 15117 | E5: 13662 | F5: 9018 | G5: 8923 | L5: Wines | M5: {=SUM(_xlfn._xlws.FILTER(Table1[[MntWines]:[MntWines]],Table1[[Country]:[Country]]='Products by Country'!M$4))} -> 336392 | N5: {=SUM(_xlfn._xlws.FILTER(Table1[[MntWines]:[MntWines]],Table1[[Country]:[Country]]='Products by Country'!N$4))} -> 105909 | O5: {=SUM(_xlfn._xlws.FILTER(Table1[[MntWines]:[MntWines]],Table1[[Country]:[Country]]='Products by Country'!O$4))} -> 84066 | P5: {=SUM(_xlfn._xlws.FILTER(Table1[[MntWines]:[MntWines]],Table1[[Country]:[Country]]='Products by Country'!P$4))} -> 42752 | Q5: {=SUM(_xlfn._xlws.FILTER(Table1[[MntWines]:[MntWines]],Table1[[Country]:[Country]]='Products by Country'!Q$4))} -> 36236 | R5: {=SUM(_xlfn._xlws.FILTER(Table1[[MntWines]:[MntWines]],Table1[[Country]:[Country]]='Products by Country'!R$4))} -> 36776 | S5: {=SUM(_xlfn._xlws.FILTER(Table1[[MntWines]:[MntWines]],Table1[[Country]:[Country]]='Products by Country'!S$4))} -> 32214 | T5: {=SUM(_xlfn._xlws.FILTER(Table1[[MntWines]:[MntWines]],Table1[[Country]:[Country]]='Products by Country'!T$4))} -> 1729 | U5: =SUM(M5:T5) -> 676074 | W5: Wines | X5: {=SUM(_xlfn._xlws.FILTER(Table1[[MntWines]:[MntWines]],Table1[[Country]:[Country]]='Products by Country'!X$4))} -> 336392 | Y5: {=SUM(_xlfn._xlws.FILTER(Table1[[MntWines]:[MntWines]],Table1[[Country]:[Country]]='Products by Country'!Y$4))} -> 105909 | Z5: {=SUM(_xlfn._xlws.FILTER(Table1[[MntWines]:[MntWines]],Table1[[Country]:[Country]]='Products by Country'!Z$4))} -> 84066 | AA5: {=SUM(_xlfn._xlws.FILTER(Table1[[MntWines]:[MntWines]],Table1[[Country]:[Country]]='Products by Country'!AA$4))} -> 42752 | AB5: {=SUM(_xlfn._xlws.FILTER(Table1[[MntWines]:[MntWines]],Table1[[Country]:[Country]]='Products by Country'!AB$4))} -> 36236 | AC5: {=SUM(_xlfn._xlws.FILTER(Table1[[MntWines]:[MntWines]],Table1[[Country]:[Country]]='Products by Country'!AC$4))} -> 36776 | AD5: {=SUM(_xlfn._xlws.FILTER(Table1[[MntWines]:[MntWines]],Table1[[Country]:[Country]]='Products by Country'!AD$4))} -> 32214 | AE5: {=SUM(_xlfn._xlws.FILTER(Table1[[MntWines]:[MntWines]],Table1[[Country]:[Country]]='Products by Country'!AE$4))} -> 1729 | AF5: =SUM(X5:AE5) -> 676074
A6: Canada | B6: 84066 | C6: 45925 | D6: 12144 | E6: 9980 | F6: 7607 | G6: 7681 | L6: Fruits | M6: {=SUM(_xlfn._xlws.FILTER(Table1[[MntFruits]:[MntFruits]],Table1[[Country]:[Country]]='Products by Country'!M$4))} -> 28288 | N6: {=SUM(_xlfn._xlws.FILTER(Table1[[MntFruits]:[MntFruits]],Table1[[Country]:[Country]]='Products by Country'!N$4))} -> 8923 | O6: {=SUM(_xlfn._xlws.FILTER(Table1[[MntFruits]:[MntFruits]],Table1[[Country]:[Country]]='Products by Country'!O$4))} -> 7681 | P6: {=SUM(_xlfn._xlws.FILTER(Table1[[MntFruits]:[MntFruits]],Table1[[Country]:[Country]]='Products by Country'!P$4))} -> 3689 | Q6: {=SUM(_xlfn._xlws.FILTER(Table1[[MntFruits]:[MntFruits]],Table1[[Country]:[Country]]='Products by Country'!Q$4))} -> 3788 | R6: {=SUM(_xlfn._xlws.FILTER(Table1[[MntFruits]:[MntFruits]],Table1[[Country]:[Country]]='Products by Country'!R$4))} -> 2980 | S6: {=SUM(_xlfn._xlws.FILTER(Table1[[MntFruits]:[MntFruits]],Table1[[Country]:[Country]]='Products by Country'!S$4))} -> 3034 | T6: {=SUM(_xlfn._xlws.FILTER(Table1[[MntFruits]:[MntFruits]],Table1[[Country]:[Country]]='Products by Country'!T$4))} -> 8 | U6: =SUM(M6:T6) -> 58391 | W6: Fruits | X6: {=SUM(_xlfn._xlws.FILTER(Table1[[MntFruits]:[MntFruits]],Table1[[Country]:[Country]]='Products by Country'!X$4))} -> 28288 | Y6: {=SUM(_xlfn._xlws.FILTER(Table1[[MntFruits]:[MntFruits]],Table1[[Country]:[Country]]='Products by Country'!Y$4))} -> 8923 | Z6: {=SUM(_xlfn._xlws.FILTER(Table1[[MntFruits]:[MntFruits]],Table1[[Country]:[Country]]='Products by Country'!Z$4))} -> 7681 | AA6: {=SUM(_xlfn._xlws.FILTER(Table1[[MntFruits]:[MntFruits]],Table1[[Country]:[Country]]='Products by Country'!AA$4))} -> 3689 | AB6: {=SUM(_xlfn._xlws.FILTER(Table1[[MntFruits]:[MntFruits]],Table1[[Country]:[Country]]='Products by Country'!AB$4))} -> 3788 | AC6: {=SUM(_xlfn._xlws.FILTER(Table1[[MntFruits]:[MntFruits]],Table1[[Country]:[Country]]='Products by Country'!AC$4))} -> 2980 | AD6: {=SUM(_xlfn._xlws.FILTER(Table1[[MntFruits]:[MntFruits]],Table1[[Country]:[Country]]='Products by Country'!AD$4))} -> 3034 | AE6: {=SUM(_xlfn._xlws.FILTER(Table1[[MntFruits]:[MntFruits]],Table1[[Country]:[Country]]='Products by Country'!AE$4))} -> 8 | AF6: =SUM(X6:AE6) -> 58391
A7: Australia | B7: 42752 | C7: 22328 | D7: 7132 | E7: 5546 | F7: 4129 | G7: 3689 | L7: Fish | M7: {=SUM(_xlfn._xlws.FILTER(Table1[[MntFishProducts]:[MntFishProducts]],Table1[[Country]:[Country]]='Products by Country'!M$4))} -> 40153 | N7: {=SUM(_xlfn._xlws.FILTER(Table1[[MntFishProducts]:[MntFishProducts]],Table1[[Country]:[Country]]='Products by Country'!N$4))} -> 13662 | O7: {=SUM(_xlfn._xlws.FILTER(Table1[[MntFishProducts]:[MntFishProducts]],Table1[[Country]:[Country]]='Products by Country'!O$4))} -> 9980 | P7: {=SUM(_xlfn._xlws.FILTER(Table1[[MntFishProducts]:[MntFishProducts]],Table1[[Country]:[Country]]='Products by Country'!P$4))} -> 5546 | Q7: {=SUM(_xlfn._xlws.FILTER(Table1[[MntFishProducts]:[MntFishProducts]],Table1[[Country]:[Country]]='Products by Country'!Q$4))} -> 4818 | R7: {=SUM(_xlfn._xlws.FILTER(Table1[[MntFishProducts]:[MntFishProducts]],Table1[[Country]:[Country]]='Products by Country'!R$4))} -> 4601 | S7: {=SUM(_xlfn._xlws.FILTER(Table1[[MntFishProducts]:[MntFishProducts]],Table1[[Country]:[Country]]='Products by Country'!S$4))} -> 4411 | T7: {=SUM(_xlfn._xlws.FILTER(Table1[[MntFishProducts]:[MntFishProducts]],Table1[[Country]:[Country]]='Products by Country'!T$4))} -> 226 | U7: =SUM(M7:T7) -> 83397 | W7: Fish | X7: {=SUM(_xlfn._xlws.FILTER(Table1[[MntFishProducts]:[MntFishProducts]],Table1[[Country]:[Country]]='Products by Country'!X$4))} -> 40153 | Y7: {=SUM(_xlfn._xlws.FILTER(Table1[[MntFishProducts]:[MntFishProducts]],Table1[[Country]:[Country]]='Products by Country'!Y$4))} -> 13662 | Z7: {=SUM(_xlfn._xlws.FILTER(Table1[[MntFishProducts]:[MntFishProducts]],Table1[[Country]:[Country]]='Products by Country'!Z$4))} -> 9980 | AA7: {=SUM(_xlfn._xlws.FILTER(Table1[[MntFishProducts]:[MntFishProducts]],Table1[[Country]:[Country]]='Products by Country'!AA$4))} -> 5546 | AB7: {=SUM(_xlfn._xlws.FILTER(Table1[[MntFishProducts]:[MntFishProducts]],Table1[[Country]:[Country]]='Products by Country'!AB$4))} -> 4818 | AC7: {=SUM(_xlfn._xlws.FILTER(Table1[[MntFishProducts]:[MntFishProducts]],Table1[[Country]:[Country]]='Products by Country'!AC$4))} -> 4601 | AD7: {=SUM(_xlfn._xlws.FILTER(Table1[[MntFishProducts]:[MntFishProducts]],Table1[[Country]:[Country]]='Products by Country'!AD$4))} -> 4411 | AE7: {=SUM(_xlfn._xlws.FILTER(Table1[[MntFishProducts]:[MntFishProducts]],Table1[[Country]:[Country]]='Products by Country'!AE$4))} -> 226 | AF7: =SUM(X7:AE7) -> 83397
A8: India | B8: 36236 | C8: 23729 | D8: 6014 | E8: 4818 | F8: 3221 | G8: 3788 | L8: Meat | M8: {=SUM(_xlfn._xlws.FILTER(Table1[[MntMeatProducts]:[MntMeatProducts]],Table1[[Country]:[Country]]='Products by Country'!M$4))} -> 178409 | N8: {=SUM(_xlfn._xlws.FILTER(Table1[[MntMeatProducts]:[MntMeatProducts]],Table1[[Country]:[Country]]='Products by Country'!N$4))} -> 58380 | O8: {=SUM(_xlfn._xlws.FILTER(Table1[[MntMeatProducts]:[MntMeatProducts]],Table1[[Country]:[Country]]='Products by Country'!O$4))} -> 45925 | P8: {=SUM(_xlfn._xlws.FILTER(Table1[[MntMeatProducts]:[MntMeatProducts]],Table1[[Country]:[Country]]='Products by Country'!P$4))} -> 22328 | Q8: {=SUM(_xlfn._xlws.FILTER(Table1[[MntMeatProducts]:[MntMeatProducts]],Table1[[Country]:[Country]]='Products by Country'!Q$4))} -> 23729 | R8: {=SUM(_xlfn._xlws.FILTER(Table1[[MntMeatProducts]:[MntMeatProducts]],Table1[[Country]:[Country]]='Products by Country'!R$4))} -> 20272 | S8: {=SUM(_xlfn._xlws.FILTER(Table1[[MntMeatProducts]:[MntMeatProducts]],Table1[[Country]:[Country]]='Products by Country'!S$4))} -> 20185 | T8: {=SUM(_xlfn._xlws.FILTER(Table1[[MntMeatProducts]:[MntMeatProducts]],Table1[[Country]:[Country]]='Products by Country'!T$4))} -> 817 | U8: =SUM(M8:T8) -> 370045 | W8: Meat | X8: {=SUM(_xlfn._xlws.FILTER(Table1[[MntMeatProducts]:[MntMeatProducts]],Table1[[Country]:[Country]]='Products by Country'!X$4))} -> 178409 | Y8: {=SUM(_xlfn._xlws.FILTER(Table1[[MntMeatProducts]:[MntMeatProducts]],Table1[[Country]:[Country]]='Products by Country'!Y$4))} -> 58380 | Z8: {=SUM(_xlfn._xlws.FILTER(Table1[[MntMeatProducts]:[MntMeatProducts]],Table1[[Country]:[Country]]='Products by Country'!Z$4))} -> 45925 | AA8: {=SUM(_xlfn._xlws.FILTER(Table1[[MntMeatProducts]:[MntMeatProducts]],Table1[[Country]:[Country]]='Products by Country'!AA$4))} -> 22328 | AB8: {=SUM(_xlfn._xlws.FILTER(Table1[[MntMeatProducts]:[MntMeatProducts]],Table1[[Country]:[Country]]='Products by Country'!AB$4))} -> 23729 | AC8: {=SUM(_xlfn._xlws.FILTER(Table1[[MntMeatProducts]:[MntMeatProducts]],Table1[[Country]:[Country]]='Products by Country'!AC$4))} -> 20272 | AD8: {=SUM(_xlfn._xlws.FILTER(Table1[[MntMeatProducts]:[MntMeatProducts]],Table1[[Country]:[Country]]='Products by Country'!AD$4))} -> 20185 | AE8: {=SUM(_xlfn._xlws.FILTER(Table1[[MntMeatProducts]:[MntMeatProducts]],Table1[[Country]:[Country]]='Products by Country'!AE$4))} -> 817 | AF8: =SUM(X8:AE8) -> 370045
A9: Germany | B9: 36776 | C9: 20272 | D9: 5768 | E9: 4601 | F9: 2801 | G9: 2980 | L9: Sweets | M9: {=SUM(_xlfn._xlws.FILTER(Table1[[MntSweetProducts]:[MntSweetProducts]],Table1[[Country]:[Country]]='Products by Country'!M$4))} -> 30134 | N9: {=SUM(_xlfn._xlws.FILTER(Table1[[MntSweetProducts]:[MntSweetProducts]],Table1[[Country]:[Country]]='Products by Country'!N$4))} -> 9018 | O9: {=SUM(_xlfn._xlws.FILTER(Table1[[MntSweetProducts]:[MntSweetProducts]],Table1[[Country]:[Country]]='Products by Country'!O$4))} -> 7607 | P9: {=SUM(_xlfn._xlws.FILTER(Table1[[MntSweetProducts]:[MntSweetProducts]],Table1[[Country]:[Country]]='Products by Country'!P$4))} -> 4129 | Q9: {=SUM(_xlfn._xlws.FILTER(Table1[[MntSweetProducts]:[MntSweetProducts]],Table1[[Country]:[Country]]='Products by Country'!Q$4))} -> 3221 | R9: {=SUM(_xlfn._xlws.FILTER(Table1[[MntSweetProducts]:[MntSweetProducts]],Table1[[Country]:[Country]]='Products by Country'!R$4))} -> 2801 | S9: {=SUM(_xlfn._xlws.FILTER(Table1[[MntSweetProducts]:[MntSweetProducts]],Table1[[Country]:[Country]]='Products by Country'!S$4))} -> 2863 | T9: {=SUM(_xlfn._xlws.FILTER(Table1[[MntSweetProducts]:[MntSweetProducts]],Table1[[Country]:[Country]]='Products by Country'!T$4))} -> 122 | U9: =SUM(M9:T9) -> 59895 | W9: Sweets | X9: {=SUM(_xlfn._xlws.FILTER(Table1[[MntSweetProducts]:[MntSweetProducts]],Table1[[Country]:[Country]]='Products by Country'!X$4))} -> 30134 | Y9: {=SUM(_xlfn._xlws.FILTER(Table1[[MntSweetProducts]:[MntSweetProducts]],Table1[[Country]:[Country]]='Products by Country'!Y$4))} -> 9018 | Z9: {=SUM(_xlfn._xlws.FILTER(Table1[[MntSweetProducts]:[MntSweetProducts]],Table1[[Country]:[Country]]='Products by Country'!Z$4))} -> 7607 | AA9: {=SUM(_xlfn._xlws.FILTER(Table1[[MntSweetProducts]:[MntSweetProducts]],Table1[[Country]:[Country]]='Products by Country'!AA$4))} -> 4129 | AB9: {=SUM(_xlfn._xlws.FILTER(Table1[[MntSweetProducts]:[MntSweetProducts]],Table1[[Country]:[Country]]='Products by Country'!AB$4))} -> 3221 | AC9: {=SUM(_xlfn._xlws.FILTER(Table1[[MntSweetProducts]:[MntSweetProducts]],Table1[[Country]:[Country]]='Products by Country'!AC$4))} -> 2801 | AD9: {=SUM(_xlfn._xlws.FILTER(Table1[[MntSweetProducts]:[MntSweetProducts]],Table1[[Country]:[Country]]='Products by Country'!AD$4))} -> 2863 | AE9: {=SUM(_xlfn._xlws.FILTER(Table1[[MntSweetProducts]:[MntSweetProducts]],Table1[[Country]:[Country]]='Products by Country'!AE$4))} -> 122 | AF9: =SUM(X9:AE9) -> 59895
A10: USA | B10: 32214 | C10: 20185 | D10: 4839 | E10: 4411 | F10: 2863 | G10: 3034 | L10: Gold | M10: {=SUM(_xlfn._xlws.FILTER(Table1[[MntGoldProds]:[MntGoldProds]],Table1[[Country]:[Country]]='Products by Country'!M$4))} -> 46181 | N10: {=SUM(_xlfn._xlws.FILTER(Table1[[MntGoldProds]:[MntGoldProds]],Table1[[Country]:[Country]]='Products by Country'!N$4))} -> 15117 | O10: {=SUM(_xlfn._xlws.FILTER(Table1[[MntGoldProds]:[MntGoldProds]],Table1[[Country]:[Country]]='Products by Country'!O$4))} -> 12144 | P10: {=SUM(_xlfn._xlws.FILTER(Table1[[MntGoldProds]:[MntGoldProds]],Table1[[Country]:[Country]]='Products by Country'!P$4))} -> 7132 | Q10: {=SUM(_xlfn._xlws.FILTER(Table1[[MntGoldProds]:[MntGoldProds]],Table1[[Country]:[Country]]='Products by Country'!Q$4))} -> 6014 | R10: {=SUM(_xlfn._xlws.FILTER(Table1[[MntGoldProds]:[MntGoldProds]],Table1[[Country]:[Country]]='Products by Country'!R$4))} -> 5768 | S10: {=SUM(_xlfn._xlws.FILTER(Table1[[MntGoldProds]:[MntGoldProds]],Table1[[Country]:[Country]]='Products by Country'!S$4))} -> 4839 | T10: {=SUM(_xlfn._xlws.FILTER(Table1[[MntGoldProds]:[MntGoldProds]],Table1[[Country]:[Country]]='Products by Country'!T$4))} -> 220 | U10: =SUM(M10:T10) -> 97415 | W10: Gold | X10: {=SUM(_xlfn._xlws.FILTER(Table1[[MntGoldProds]:[MntGoldProds]],Table1[[Country]:[Country]]='Products by Country'!X$4))} -> 46181 | Y10: {=SUM(_xlfn._xlws.FILTER(Table1[[MntGoldProds]:[MntGoldProds]],Table1[[Country]:[Country]]='Products by Country'!Y$4))} -> 15117 | Z10: {=SUM(_xlfn._xlws.FILTER(Table1[[MntGoldProds]:[MntGoldProds]],Table1[[Country]:[Country]]='Products by Country'!Z$4))} -> 12144 | AA10: {=SUM(_xlfn._xlws.FILTER(Table1[[MntGoldProds]:[MntGoldProds]],Table1[[Country]:[Country]]='Products by Country'!AA$4))} -> 7132 | AB10: {=SUM(_xlfn._xlws.FILTER(Table1[[MntGoldProds]:[MntGoldProds]],Table1[[Country]:[Country]]='Products by Country'!AB$4))} -> 6014 | AC10: {=SUM(_xlfn._xlws.FILTER(Table1[[MntGoldProds]:[MntGoldProds]],Table1[[Country]:[Country]]='Products by Country'!AC$4))} -> 5768 | AD10: {=SUM(_xlfn._xlws.FILTER(Table1[[MntGoldProds]:[MntGoldProds]],Table1[[Country]:[Country]]='Products by Country'!AD$4))} -> 4839 | AE10: {=SUM(_xlfn._xlws.FILTER(Table1[[MntGoldProds]:[MntGoldProds]],Table1[[Country]:[Country]]='Products by Country'!AE$4))} -> 220 | AF10: =SUM(X10:AE10) -> 97415
A11: Mexico | B11: 1729 | C11: 817 | D11: 220 | E11: 226 | F11: 122 | G11: 8 | W11: Total | X11: =SUM(X5:X10) -> 659557 | Y11: =SUM(Y5:Y10) -> 211009 | Z11: =SUM(Z5:Z10) -> 167403 | AA11: =SUM(AA5:AA10) -> 85576 | AB11: =SUM(AB5:AB10) -> 77806 | AC11: =SUM(AC5:AC10) -> 73198 | AD11: =SUM(AD5:AD10) -> 67546 | AE11: =SUM(AE5:AE10) -> 3122
A12: Grand Total | B12: 676074 | C12: 370045 | D12: 97415 | E12: 83397 | F12: 59895 | G12: 58391
X13: Mexico | Y13: 3122 | AA13: Fruits | AB13: 58917
X14: USA | Y14: 67882 | AA14: Sweets | AB14: 60621
X15: Germany | Y15: 74913 | AA15: Fish | AB15: 84057
X16: India | Y16: 79485 | AA16: Gold | AB16: 98609
X17: Australia | Y17: 89763 | AA17: Meat | AB17: 373968
X18: Canada | Y18: 168532 | AA18: Wines | AB18: 680816
X19: Saudi Arabia | Y19: 211071
X20: Spain | Y20: 662220

Sheet Correlations
A1: Correlations with number of web purchases
B3: Year_Birth | C3: Approx_Age | D3: Education | E3: Marital_Status | F3: Income | G3: Kidhome | H3: Teenhome | I3: Total_Children | J3: Dt_Customer | K3: EnrollmentYears | L3: DataSetDate | M3: Recency
B4: =CORREL(Table1[[NumWebPurchases]:[NumWebPurchases]],Table1[Year_Birth]) -> -0.15295083 | C4: =CORREL(Table1[[NumWebPurchases]:[NumWebPurchases]],Table1[Approx_Age]) -> 0.15295083 | D4: =CORREL(Table1[[NumWebPurchases]:[NumWebPurchases]],Table1[Education]) -> #DIV/0! | E4: =CORREL(Table1[[NumWebPurchases]:[NumWebPurchases]],Table1[Marital_Status]) -> #DIV/0! | F4: =CORREL(Table1[[NumWebPurchases]:[NumWebPurchases]],Table1[Income]) -> 0.45881229 | G4: =CORREL(Table1[[NumWebPurchases]:[NumWebPurchases]],Table1[Kidhome]) -> -0.37189457 | H4: =CORREL(Table1[[NumWebPurchases]:[NumWebPurchases]],Table1[Teenhome]) -> 0.16194837 | I4: =CORREL(Table1[[NumWebPurchases]:[NumWebPurchases]],Table1[Total_Children]) -> -0.14886364 | J4: =CORREL(Table1[[NumWebPurchases]:[NumWebPurchases]],Table1[Dt_Customer]) -> -0.1928049 | K4: =CORREL(Table1[[NumWebPurchases]:[NumWebPurchases]],Table1[EnrollmentYears]) -> 0.1928049 | L4: =CORREL(Table1[[NumWebPurchases]:[NumWebPurchases]],Table1[DataSetDate]) -> #DIV/0! | M4: =CORREL(Table1[[NumWebPurchases]:[NumWebPurchases]],Table1[Recency]) -> -0.0058028215
B7: MntWines | C7: MntFruits | D7: MntMeatProducts | E7: MntFishProducts | F7: MntSweetProducts | G7: MntGoldProds | H7: NumDealsPurchases | I7: NumWebPurchases | J7: NumCatalogPurchases | K7: NumStorePurchases | L7: NumWebVisitsMonth | M7: AcceptedCmp1 | N7: AcceptedCmp2 | O7: AcceptedCmp3 | P7: AcceptedCmp4 | Q7: AcceptedCmp5 | R7: Response | S7: Complain | T7: Country
B8: =CORREL(Table1[[NumWebPurchases]:[NumWebPurchases]],Table1[MntWines]) -> 0.55374492 | C8: =CORREL(Table1[[NumWebPurchases]:[NumWebPurchases]],Table1[MntFruits]) -> 0.30200059 | D8: =CORREL(Table1[[NumWebPurchases]:[NumWebPurchases]],Table1[MntMeatProducts]) -> 0.30701303 | E8: =CORREL(Table1[[NumWebPurchases]:[NumWebPurchases]],Table1[MntFishProducts]) -> 0.29962114 | F8: =CORREL(Table1[[NumWebPurchases]:[NumWebPurchases]],Table1[MntSweetProducts]) -> 0.33386598 | G8: =CORREL(Table1[[NumWebPurchases]:[NumWebPurchases]],Table1[MntGoldProds]) -> 0.40700473 | H8: =CORREL(Table1[[NumWebPurchases]:[NumWebPurchases]],Table1[NumDealsPurchases]) -> 0.24164617 | J8: =CORREL(Table1[[NumWebPurchases]:[NumWebPurchases]],Table1[NumCatalogPurchases]) -> 0.3868077 | K8: =CORREL(Table1[[NumWebPurchases]:[NumWebPurchases]],Table1[NumStorePurchases]) -> 0.51619091 | L8: =CORREL(Table1[[NumWebPurchases]:[NumWebPurchases]],Table1[NumWebVisitsMonth]) -> -0.051178774 | M8: =CORREL(Table1[[NumWebPurchases]:[NumWebPurchases]],Table1[AcceptedCmp1]) -> 0.15925298 | N8: =CORREL(Table1[[NumWebPurchases]:[NumWebPurchases]],Table1[AcceptedCmp2]) -> 0.034808989 | O8: =CORREL(Table1[[NumWebPurchases]:[NumWebPurchases]],Table1[AcceptedCmp3]) -> 0.042909736 | P8: =CORREL(Table1[[NumWebPurchases]:[NumWebPurchases]],Table1[AcceptedCmp4]) -> 0.16289042 | Q8: =CORREL(Table1[[NumWebPurchases]:[NumWebPurchases]],Table1[AcceptedCmp5]) -> 0.14114619 | R8: =CORREL(Table1[[NumWebPurchases]:[NumWebPurchases]],Table1[Response]) -> 0.15136744 | S8: =CORREL(Table1[[NumWebPurchases]:[NumWebPurchases]],Table1[Complain]) -> -0.016659894 | T8: =CORREL(Table1[[NumWebPurchases]:[NumWebPurchases]],Table1[Country]) -> #DIV/0!
B11: Moderate correlation with wine purchase
B12: Moderate correlation with gold purchase
B13: Moderate correlation with in-store purchase (surprising!)
T15: =CORREL(Table1[Web_jitter],Table1[Store_jitter]) -> 0.51631818
B19: Web purchases v. in-store purchase (using "jittered" figures)
B46: Web purchases v. in-store purchases (bubble)
B71: GOLD
B93: WINE

Sheet Correlations 2
C3: Approx_Age | D3: Income | E3: Total_Children | F3: EnrollmentYears | G3: Recency | H3: MntWines | I3: MntFruits | J3: MntMeatProducts | K3: MntFishProducts | L3: MntSweetProducts | M3: MntGoldProds | N3: NumDealsPurchases | O3: NumWebPurchases | P3: NumCatalogPurchases | Q3: NumStorePurchases | R3: NumWebVisitsMonth | S3: AcceptedCmp1 | T3: AcceptedCmp2 | U3: AcceptedCmp3 | V3: AcceptedCmp4 | W3: AcceptedCmp5 | X3: Response | Y3: Complain
B4: Approx_Age | C4: 1
B5: Income | C5: 0.16179143 | D5: 1
B6: Total_Children | C6: 0.090199269 | D6: -0.29335192 | E6: 1
B7: EnrollmentYears | C7: -0.02243073 | D7: -0.018530777 | E7: -0.025551479 | F7: 1
B8: Recency | C8: 0.019871089 | D8: -0.0039697555 | E8: 0.018053387 | F8: 0.024521917 | G8: 1
B9: MntWines | C9: 0.15777252 | D9: 0.57864975 | E9: -0.35190912 | F9: 0.16626357 | G9: 0.016063902 | H9: 1
B10: MntFruits | C10: 0.01791724 | D10: 0.43084168 | E10: -0.39485316 | F10: 0.066927689 | G10: -0.0043056416 | H10: 0.38963668 | I10: 1
B11: MntMeatProducts | C11: 0.030872399 | D11: 0.58463336 | E11: -0.50220751 | F11: 0.092712937 | G11: 0.023056051 | H11: 0.56266651 | I11: 0.54310456 | J11: 1
B12: MntFishProducts | C12: 0.041625377 | D12: 0.43887136 | E12: -0.42550328 | F12: 0.080768862 | G12: 0.0010789675 | H12: 0.39975266 | I12: 0.59480351 | J12: 0.56840213 | K12: 1
B13: MntSweetProducts | C13: 0.018132607 | D13: 0.44074379 | E13: -0.38313712 | F13: 0.081267512 | G13: 0.022669606 | H13: 0.38658115 | I13: 0.56716394 | J13: 0.52384622 | K13: 0.57987008 | L13: 1
B14: MntGoldProds | C14: 0.061818182 | D14: 0.32591645 | E14: -0.26609544 | F14: 0.15959647 | G14: 0.016693271 | H14: 0.38751568 | I14: 0.39299502 | J14: 0.35060852 | K14: 0.4228748 | L14: 0.3697243 | M14: 1
B15: NumDealsPurchases | C15: 0.06084555 | D15: -0.083100896 | E15: 0.4396836 | F15: 0.2185519 | G15: -0.0010983668 | H15: 0.010939872 | I15: -0.13211421 | J15: -0.1224154 | K15: -0.13936063 | L15: -0.12010027 | M15: 0.049085157 | N15: 1
B16: NumWebPurchases | C16: 0.14504014 | D16: 0.38787781 | E16: -0.14636099 | F16: 0.19187579 | G16: -0.010726287 | H16: 0.54226478 | I16: 0.29673457 | J16: 0.29376148 | K16: 0.29368075 | L16: 0.34854428 | M16: 0.4218359 | N16: 0.23418469 | O16: 1
B17: NumCatalogPurchases | C17: 0.12127463 | D17: 0.58916244 | E17: -0.43990429 | F17: 0.096197687 | G17: 0.025110492 | H17: 0.63522574 | I17: 0.48791733 | J17: 0.72382659 | K17: 0.53447834 | L17: 0.49092393 | M17: 0.43769744 | N17: -0.0086172463 | O17: 0.37837555 | P17: 1
B18: NumStorePurchases | C18: 0.12827206 | D18: 0.52936214 | E18: -0.32112496 | F18: 0.11059166 | G18: 0.00079883557 | H18: 0.64210044 | I18: 0.46175811 | J18: 0.47965878 | K18: 0.45985463 | L18: 0.44875595 | M18: 0.38167801 | N18: 0.068878826 | O18: 0.50271341 | P18: 0.51873828 | Q18: 1
B19: NumWebVisitsMonth | C19: -0.12113926 | D19: -0.55308801 | E19: 0.41841928 | F19: 0.27244917 | G19: -0.021444691 | H19: -0.3206528 | I19: -0.41838298 | J19: -0.53946982 | K19: -0.44600265 | L19: -0.42329414 | M19: -0.25071874 | N19: 0.34763336 | O19: -0.055846332 | P19: -0.52036371 | Q19: -0.42847253 | R19: 1
B20: AcceptedCmp1 | C20: 0.0059303167 | D20: 0.27681986 | E20: -0.22488726 | F20: -0.039568505 | G20: -0.019282765 | H20: 0.3541332 | I20: 0.19474815 | J20: 0.30976073 | K20: 0.2607621 | L20: 0.24181782 | M20: 0.1663961 | N20: -0.12324443 | O20: 0.15514283 | P20: 0.30809657 | Q20: 0.18324872 | R20: -0.19250154 | S20: 1
B21: AcceptedCmp2 | C21: 0.0065392841 | D21: 0.087544774 | E21: -0.069823345 | F21: 0.0060642072 | G21: -0.0017813277 | H21: 0.20590706 | I21: -0.0097732236 | J21: 0.043033426 | K21: 0.0025767046 | L21: 0.0099852319 | M21: 0.049990287 | N21: -0.037694758 | O21: 0.034187736 | P21: 0.099852359 | Q21: 0.085189431 | R21: -0.0071964018 | S21: 0.17531458 | T21: 1
B22: AcceptedCmp3 | C22: -0.06177448 | D22: -0.01617444 | E22: -0.020402367 | F22: -0.0077130207 | G22: -0.032990591 | H22: 0.062201787 | I22: 0.014726856 | J22: 0.018271793 | K22: 0.00035722602 | L22: 0.0015299455 | M22: 0.12309106 | N22: -0.023108937 | O22: 0.042175525 | P22: 0.10472953 | Q22: -0.067577381 | R22: 0.061211152 | S22: 0.094750533 | T22: 0.072019919 | U22: 1
B23: AcceptedCmp4 | C23: 0.060509595 | D23: 0.18440037 | E23: -0.087563184 | F23: 0.018425682 | G23: 0.018825618 | H23: 0.37328602 | I23: 0.010152182 | J23: 0.10291221 | K23: 0.016842799 | L23: 0.028640708 | M23: 0.022267977 | N23: 0.015594262 | O23: 0.15590282 | P23: 0.13924726 | Q23: 0.17937945 | R23: -0.032125693 | S23: 0.25129993 | T23: 0.29220986 | U23: -0.079512267 | V23: 1
B24: AcceptedCmp5 | C24: -0.0071225415 | D24: 0.33594327 | E24: -0.28564232 | F24: -0.0059184826 | G24: 0.00012890934 | H24: 0.47261326 | I24: 0.21583279 | J24: 0.37376885 | K24: 0.19957778 | L24: 0.25959041 | M24: 0.18102116 | N24: -0.18324786 | O24: 0.13868404 | P24: 0.3223215 | Q24: 0.21479017 | R24: -0.27811253 | S24: 0.40307768 | T24: 0.221533 | U24: 0.080315817 | V24: 0.30652576 | W24: 1
B25: Response | C25: -0.021325214 | D25: 0.13304666 | E25: -0.16916346 | F25: 0.1944805 | G25: -0.19843665 | H25: 0.2472545 | I25: 0.12528881 | J25: 0.23633512 | K25: 0.11133079 | L25: 0.1173719 | M25: 0.13985014 | N25: 0.0022383133 | O25: 0.14872959 | P25: 0.22081042 | Q25: 0.039363444 | R25: -0.0039865987 | S25: 0.29398153 | T25: 0.16929266 | U25: 0.25425828 | V25: 0.1770186 | W25: 0.32663394 | X25: 1
B26: Complain | C26: 0.030127545 | D26: -0.027224512 | E26: 0.031066269 | F26: 0.033120295 | G26: 0.013231078 | H26: -0.039007141 | I26: -0.0051662878 | J26: -0.023483054 | K26: -0.020952843 | L26: -0.022484959 | M26: -0.030861226 | N26: 0.00041964901 | O26: -0.016310195 | P26: -0.020453131 | Q26: -0.016524229 | R26: 0.019768507 | S26: -0.025498616 | T26: -0.01133432 | U26: 0.0084153976 | V26: -0.027611473 | W26: -0.0094185575 | X26: -0.001706964 | Y26: 1
B28: Presumably this is wine purchase v. income?
B29: SUMMARY OUTPUT
B31: Regression Statistics
B32: Multiple R | C32: 0.57864975
B33: R Square | C33: 0.33483553
B34: Adjusted R Square | C34: 0.3345351
B35: Standard Error | C35: 275.17873
B36: Observations | C36: 2216
B38: ANOVA
C39: df | D39: SS | E39: MS | F39: F | G39: Significance F
B40: Regression | C40: 1 | D40: 84393665 | E40: 84393665 | F40: 1114.5001 | G40: 2.8115536e-198
B41: Residual | C41: 2214 | D41: 1.6765146e+08 | E41: 75723.335
B42: Total | C42: 2215 | D42: 2.5204513e+08
C44: Coefficients | D44: Standard Error | E44: t Stat | F44: P-value | G44: Lower 95% | H44: Upper 95% | I44: Lower 95.0% | J44: Upper 95.0%
B45: Intercept | C45: -100.03914 | D45: 13.46996 | E45: -7.4268329 | F45: 1.5786382e-13 | G45: -126.45422 | H45: -73.624066 | I45: -126.45422 | J45: -73.624066
B46: X Variable 1 | C46: 0.0077541065 | D46: 0.00023226924 | E46: 33.38413 | F46: 2.8115536e-198 | G46: 0.0072986181 | H46: 0.0082095948 | I46: 0.0072986181 | J46: 0.0082095948
B50: RESIDUAL OUTPUT | F50: Wine Purchase v. Income … looks heteroskedastic?
B52: Observation | C52: Predicted Y | D52: Residuals
B53: 1 | C53: 523.08085 | D53: 969.91915
B54: 2 | C54: 580.54654 | D54: 911.45346
B55: 3 | C55: 580.54654 | D55: 911.45346
B56: 4 | C56: 535.24705 | D56: 950.75295
B57: 5 | C57: 552.61624 | D57: 925.38376
B58: 6 | C58: 552.61624 | D58: 925.38376
B59: 7 | C59: 455.69767 | D59: 1006.3023
B60: 8 | C60: 397.30925 | D60: 1061.6908
B61: 9 | C61: 497.01155 | D61: 951.98845
B62: 10 | C62: 509.7593 | D62: 886.2407
B63: 11 | C63: 487.40421 | D63: 906.59579
B64: 12 | C64: 446.64863 | D64: 932.35137
... B2268: 2216 | C2268: 56.05102 | D2268: -56.05102

Sheet Income & wine
A1: 80360 | B1: 1493 | D1: 80360 | E1: 1493
A2: 87771 | B2: 1492 | D2: 87771 | E2: 1492
A3: 87771 | B3: 1492 | D3: 87771 | E3: 1492
A4: 81929 | B4: 1486 | D4: 81929 | E4: 1486
A5: 84169 | B5: 1478 | D5: 84169 | E5: 1478
A6: 84169 | B6: 1478 | D6: 84169 | E6: 1478
A7: 71670 | B7: 1462 | D7: 71670 | E7: 1462
A8: 64140 | B8: 1459 | D8: 64140 | E8: 1459
A9: 76998 | B9: 1449 | D9: 76998 | E9: 1449
A10: 78642 | B10: 1396 | D10: 78642 | E10: 1396
A11: 75759 | B11: 1394 | D11: 75759 | E11: 1394
A12: 70503 | B12: 1379 | D12: 70503 | E12: 1379
... A201: 82571 | B201: 861 | D201: 82571 | E201: 861
B202: 861 | D202: 80995 | E202: 860
A203: 80995 | B203: 860 | D203: 83003 | E203: 856
A204: 83003 | B204: 856 | D204: 74854 | E204: 856
A205: 74854 | B205: 856 | D205: 52973 | E205: 856
A206: 52973 | B206: 856 | D206: 44802 | E206: 853
A207: 44802 | B207: 853 | D207: 68092 | E207: 852
A208: 68092 | B208: 852 | D208: 61416 | E208: 848
A209: 61416 | B209: 848 | D209: 83837 | E209: 847
A210: 83837 | B210: 847 | D210: 67419 | E210: 846
A211: 67419 | B211: 846 | D211: 76412 | E211: 840
A212: 76412 | B212: 840 | D212: 64509 | E212: 836
A213: 64509 | B213: 836 | D213: 79823 | E213: 835
A214: 79823 | B214: 835 | D214: 72025 | E214: 833
... A294: 65104 | B294: 738 | D294: 71847 | E294: 737
B295: 738 | D295: 70713 | E295: 736
A296: 71847 | B296: 737 | D296: 78618 | E296: 736
A297: 70713 | B297: 736 | D297: 76653 | E297: 736
A298: 78618 | B298: 736 | D298: 57513 | E298: 735
A299: 76653 | B299: 736 | D299: 82122 | E299: 734
A300: 57513 | B300: 735 | D300: 63404 | E300: 734
A301: 82122 | B301: 734 | D301: 75283 | E301: 733
A302: 63404 | B302: 734 | D302: 64325 | E302: 731
A303: 75283 | B303: 733 | D303: 53103 | E303: 729
A304: 64325 | B304: 731 | D304: 44953 | E304: 728
A305: 53103 | B305: 729 | D305: 69016 | E305: 726
A306: 44953 | B306: 728 | D306: 59462 | E306: 724
A307: 69016 | B307: 726 | D307: 81205 | E307: 724
... A509: 86580 | B509: 532 | D509: 72071 | E509: 531
B510: 532 | D510: 83528 | E510: 530
A511: 72071 | B511: 531 | D511: 67716 | E511: 530
A512: 72071 | B512: 531 | D512: 67911 | E512: 529
A513: 83528 | B513: 530 | D513: 67911 | E513: 529
A514: 67716 | B514: 530 | D514: 57288 | E514: 527
A515: 67911 | B515: 529 | D515: 64892 | E515: 527
A516: 67911 | B516: 529 | D516: 76320 | E516: 526
A517: 57288 | B517: 527 | D517: 72643 | E517: 526
A518: 64892 | B518: 527 | D518: 62807 | E518: 526
A519: 76320 | B519: 526 | D519: 62807 | E519: 526
A520: 72643 | B520: 526 | D520: 80950 | E520: 525
A521: 62807 | B521: 526 | D521: 59111 | E521: 524
A522: 62807 | B522: 526 | D522: 61823 | E522: 523
... A643: 58330 | B643: 445 | D643: 50725 | E643: 443
B644: 445 | D644: 62710 | E644: 441
A645: 67023 | B645: 444 | D645: 58710 | E645: 440
A646: 50002 | B646: 443 | D646: 75236 | E646: 438
A647: 50725 | B647: 443 | D647: 63207 | E647: 438
A648: 62710 | B648: 441 | D648: 48948 | E648: 437
A649: 58710 | B649: 440 | D649: 48948 | E649: 437
A650: 75236 | B650: 438 | D650: 84219 | E650: 434
A651: 63207 | B651: 438 | D651: 84219 | E651: 434
A652: 48948 | B652: 437 | D652: 78468 | E652: 434
A653: 48948 | B653: 437 | D653: 83273 | E653: 433
A654: 84219 | B654: 434 | D654: 67432 | E654: 432
A655: 84219 | B655: 434 | D655: 67786 | E655: 431
A656: 78468 | B656: 434 | D656: 57959 | E656: 430
... A755: 54591 | B755: 376 | D755: 48070 | E755: 373
B756: 375 | D756: 77583 | E756: 372
A757: 74293 | B757: 375 | D757: 66476 | E757: 372
A758: 74293 | B758: 375 | D758: 66731 | E758: 371
A759: 55357 | B759: 374 | D759: 65695 | E759: 371
A760: 48070 | B760: 373 | D760: 55239 | E760: 371
A761: 77583 | B761: 372 | D761: 62010 | E761: 371
A762: 66476 | B762: 372 | D762: 50437 | E762: 370
A763: 66731 | B763: 371 | D763: 50387 | E763: 369
A764: 65695 | B764: 371 | D764: 78093 | E764: 368
A765: 55239 | B765: 371 | D765: 58554 | E765: 368
A766: 62010 | B766: 371 | D766: 58554 | E766: 368
A767: 50437 | B767: 370 | D767: 55801 | E767: 367
A768: 50387 | B768: 369 | D768: 52513 | E768: 367
... A790: 70617 | B790: 353 | D790: 46772 | E790: 350
B791: 352 | D791: 57744 | E791: 350
A792: 54456 | B792: 352 | D792: 51518 | E792: 350
A793: 48789 | B793: 351 | D793: 56337 | E793: 349
A794: 79593 | B794: 350 | D794: 53593 | E794: 349
A795: 79593 | B795: 350 | D795: 66726 | E795: 349
A796: 46772 | B796: 350 | D796: 56243 | E796: 347
A797: 57744 | B797: 350 | D797: 70596 | E797: 347
A798: 51518 | B798: 350 | D798: 70596 | E798: 347
A799: 56337 | B799: 349 | D799: 65747 | E799: 346
A800: 53593 | B800: 349 | D800: 71604 | E800: 345
A801: 66726 | B801: 349 | D801: 87305 | E801: 345
A802: 56243 | B802: 347 | D802: 86718 | E802: 344
A803: 70596 | B803: 347 | D803: 57867 | E803: 344
... A938: 61794 | B938: 264 | D938: 65031 | E938: 258
B939: 264 | D939: 56715 | E939: 258
A940: 53700 | B940: 263 | D940: 56939 | E940: 256
A941: 43263 | B941: 262 | D941: 82460 | E941: 255
...

Sheet WebPurch and Wine
A1: NumWebPurchases | B1: MntWines
A2: 3 | B2: 9
A3: 0 | B3: 85
A4: 0 | B4: 55
A5: 1 | B5: 39
A6: 0 | B6: 20
A7: 0 | B7: 1
A8: 0 | B8: 2
A9: 0 | B9: 1
A10: 27 | B10: 6
A11: 9 | B11: 1009
A12: 6 | B12: 168
A13: 7 | B13: 763
... A2241: 1 | B2241: 5

Sheet Education and country
A1: Education | B1: Country
A2: Graduation | B2: Saudi Arabia
A3: PhD | B3: Spain
A4: PhD | B4: USA
A5: Master | B5: Spain
A6: PhD | B6: India
A7: Graduation | B7: Saudi Arabia
A8: PhD | B8: Canada
A9: Graduation | B9: Spain
A10: PhD | B10: Spain
A11: Graduation | B11: Spain
A12: Graduation | B12: Saudi Arabia
... A2241: 2n Cycle | B2241: Australia

Sheet marketing_data _ hidden cols
A1: ID | B1: Year_Birth | C1: Approx_Age | D1: Income | E1: Total_Children | F1: EnrollmentYears | G1: Recency | H1: MntWines | I1: MntFruits | J1: MntMeatProducts | K1: MntFishProducts | L1: MntSweetProducts | M1: MntGoldProds | N1: NumDealsPurchases | O1: NumWebPurchases | P1: NumCatalogPurchases | Q1: NumStorePurchases | R1: NumWebVisitsMonth | S1: AcceptedCmp1 | T1: AcceptedCmp2 | U1: AcceptedCmp3 | V1: AcceptedCmp4 | W1: AcceptedCmp5 | X1: Response | Y1: Complain | Z1: Country
A2: 737 | B2: 1949 | C2: =2021-Table13[[#This Row],[Year_Birth]] -> 72 | D2: 80360 | E2: 0 | F2: 7.9342466 | G2: 56 | H2: 1493 | I2: 86 | J2: 454 | K2: 112 | L2: 43 | M2: 43 | N2: 2 | O2: 4 | P2: 4 | Q2: 5 | R2: 2 | S2: 1 | T2: 0 | U2: 0 | V2: 1 | W2: 1 | X2: 0 | Y2: 0 | Z2: Spain
A3: 3174 | B3: 1959 | C3: =2021-Table13[[#This Row],[Year_Birth]] -> 62 | D3: 87771 | E3: 1 | F3: 7.7150685 | G3: 61 | H3: 1492 | I3: 38 | J3: 287 | K3: 50 | L3: 57 | M3: 33 | N3: 1 | O3: 5 | P3: 10 | Q3: 4 | R3: 6 | S3: 1 | T3: 1 | U3: 0 | V3: 1 | W3: 1 | X3: 1 | Y3: 0 | Z3: Spain
A4: 5536 | B4: 1959 | C4: =2021-Table13[[#This Row],[Year_Birth]] -> 62 | D4: 87771 | E4: 1 | F4: 7.7150685 | G4: 61 | H4: 1492 | I4: 38 | J4: 287 | K4: 50 | L4: 57 | M4: 33 | N4: 1 | O4: 5 | P4: 10 | Q4: 4 | R4: 6 | S4: 1 | T4: 1 | U4: 0 | V4: 1 | W4: 1 | X4: 1 | Y4: 0 | Z4: Canada
A5: 1103 | B5: 1976 | C5: =2021-Table13[[#This Row],[Year_Birth]] -> 45 | D5: 81929 | E5: 1 | F5: 8.3589041 | G5: 60 | H5: 1486 | I5: 55 | J5: 278 | K5: 49 | L5: 0 | M5: 185 | N5: 2 | O5: 4 | P5: 4 | Q5: 10 | R5: 6 | S5: 0 | T5: 0 | U5: 1 | V5: 0 | W5: 1 | X5: 1 | Y5: 0 | Z5: Australia
A6: 5547 | B6: 1982 | C6: =2021-Table13[[#This Row],[Year_Birth]] -> 39 | D6: 84169 | E6: 0 | F6: 7.5041096 | G6: 9 | H6: 1478 | I6: 19 | J6: 403 | K6: 0 | L6: 19 | M6: 0 | N6: 1 | O6: 7 | P6: 6 | Q6: 6 | R6: 3 | S6: 0 | T6: 0 | U6: 0 | V6: 1 | W6: 1 | X6: 1 | Y6: 0 | Z6: Spain
A7: 8362 | B7: 1982 | C7: =2021-Table13[[#This Row],[Year_Birth]] -> 39 | D7: 84169 | E7: 0 | F7: 7.5041096 | G7: 9 | H7: 1478 | I7: 19 | J7: 403 | K7: 0 | L7: 19 | M7: 0 | N7: 1 | O7: 7 | P7: 6 | Q7: 6 | R7: 3 | S7: 0 | T7: 0 | U7: 0 | V7: 1 | W7: 1 | X7: 1 | Y7: 0 | Z7: Saudi Arabia
A8: 3009 | B8: 1962 | C8: =2021-Table13[[#This Row],[Year_Birth]] -> 59 | D8: 71670 | E8: 0 | F8: 7.5835616 | G8: 8 | H8: 1462 | I8: 16 | J8: 128 | K8: 0 | L8: 0 | M8: 160 | N8: 1 | O8: 5 | P8: 3 | Q8: 6 | R8: 6 | S8: 0 | T8: 1 | U8: 0 | V8: 1 | W8: 1 | X8: 1 | Y8: 0 | Z8: Spain
A9: 1665 | B9: 1964 | C9: =2021-Table13[[#This Row],[Year_Birth]] -> 57 | D9: 64140 | E9: 2 | F9: 7.3753425 | G9: 71 | H9: 1459 | I9: 0 | J9: 61 | K9: 0 | L9: 15 | M9: 215 | N9: 5 | O9: 2 | P9: 5 | Q9: 6 | R9: 5 | S9: 0 | T9: 1 | U9: 1 | V9: 0 | W9: 1 | X9: 1 | Y9: 0 | Z9: Saudi Arabia
A10: 9743 | B10: 1955 | C10: =2021-Table13[[#This Row],[Year_Birth]] -> 66 | D10: 76998 | E10: 1 | F10: 8.0739726 | G10: 85 | H10: 1449 | I10: 89 | J10: 161 | K10: 69 | L10: 35 | M10: 107 | N10: 2 | O10: 11 | P10: 8 | Q10: 8 | R10: 6 | S10: 0 | T10: 0 | U10: 0 | V10: 0 | W10: 1 | X10: 0 | Y10: 0 | Z10: Canada
A11: 11088 | B11: 1971 | C11: =2021-Table13[[#This Row],[Year_Birth]] -> 50 | D11: 78642 | E11: 1 | F11: 7.8 | G11: 83 | H11: 1396 | I11: 0 | J11: 322 | K11: 46 | L11: 35 | M11: 17 | N11: 1 | O11: 4 | P11: 9 | Q11: 4 | R11: 6 | S11: 0 | T11: 0 | U11: 0 | V11: 0 | W11: 0 | X11: 0 | Y11: 0 | Z11: Spain
A12: 4580 | B12: 1969 | C12: =2021-Table13[[#This Row],[Year_Birth]] -> 52 | D12: 75759 | E12: 0 | F12: 7.2876712 | G12: 46 | H12: 1394 | I12: 22 | J12: 708 | K12: 89 | L12: 91 | M12: 182 | N12: 1 | O12: 9 | P12: 7 | Q12: 9 | R12: 5 | S12: 1 | T12: 0 | U12: 1 | V12: 0 | W12: 1 | X12: 1 | Y12: 0 | Z12: Saudi Arabia
A13: 4943 | B13: 1953 | C13: =2021-Table13[[#This Row],[Year_Birth]] -> 68 | D13: 70503 | E13: 0 | F13: 8.3561644 | G13: 73 | H13: 1379 | I13: 33 | J13: 216 | K13: 0 | L13: 33 | M13: 66 | N13: 1 | O13: 2 | P13: 4 | Q13: 9 | R13: 6 | S13: 0 | T13: 0 | U13: 0 | V13: 1 | W13: 1 | X13: 0 | Y13: 0 | Z13: Spain
... A202: 4686 | B202: 1962 | C202: =2021-Table13[[#This Row],[Year_Birth]] -> 59 | D202: 82571 | E202: 0 | F202: 6.8520548 | G202: 28 | H202: 861 | I202: 31 | J202: 558 | K202: 62 | L202: 95 | M202: 79 | N202: 0 | O202: 6 | P202: 5 | Q202: 13 | R202: 2 | S202: 0 | T202: 0 | U202: 0 | V202: 0 | W202: 1 | X202: 0 | Y202: 0 | Z202: Spain
A203: 2437 | B203: 1989 | C203: =2021-Table13[[#This Row],[Year_Birth]] -> 32 | E203: 0 | F203: 7.6821918 | G203: 69 | H203: 861 | I203: 138 | J203: 461 | K203: 60 | L203: 30 | M203: 61 | N203: 1 | O203: 6 | P203: 5 | Q203: 12 | R203: 3 | S203: 1 | T203: 0 | U203: 0 | V203: 1 | W203: 0 | X203: 0 | Y203: 0 | Z203: Spain
A204: 2150 | B204: 1958 | C204: =2021-Table13[[#This Row],[Year_Birth]] -> 63 | D204: 80995 | E204: 1 | F204: 7.7452055 | G204: 83 | H204: 860 | I204: 28 | J204: 409 | K204: 73 | L204: 56 | M204: 56 | N204: 1 | O204: 8 | P204: 9 | Q204: 4 | R204: 4 | S204: 0 | T204: 0 | U204: 0 | V204: 0 | W204: 0 | X204: 0 | Y204: 0 | Z204: Canada
A205: 9560 | B205: 1965 | C205: =2021-Table13[[#This Row],[Year_Birth]] -> 56 | D205: 83003 | E205: 0 | F205: 7.9342466 | G205: 18 | H205: 856 | I205: 61 | J205: 570 | K205: 40 | L205: 25 | M205: 122 | N205: 1 | O205: 7 | P205: 6 | Q205: 8 | R205: 3 | S205: 0 | T205: 0 | U205: 0 | V205: 0 | W205: 1 | X205: 1 | Y205: 0 | Z205: Spain
A206: 1357 | B206: 1970 | C206: =2021-Table13[[#This Row],[Year_Birth]] -> 51 | D206: 74854 | E206: 3 | F206: 7.8356164 | G206: 90 | H206: 856 | I206: 59 | J206: 487 | K206: 58 | L206: 29 | M206: 73 | N206: 7 | O206: 2 | P206: 5 | Q206: 5 | R206: 5 | S206: 0 | T206: 0 | U206: 0 | V206: 0 | W206: 0 | X206: 0 | Y206: 0 | Z206: Germany
A207: 3298 | B207: 1956 | C207: =2021-Table13[[#This Row],[Year_Birth]] -> 65 | D207: 52973 | E207: 1 | F207: 8.2493151 | G207: 92 | H207: 856 | I207: 0 | J207: 76 | K207: 12 | L207: 9 | M207: 199 | N207: 7 | O207: 9 | P207: 6 | Q207: 9 | R207: 8 | S207: 0 | T207: 0 | U207: 0 | V207: 0 | W207: 0 | X207: 0 | Y207: 0 | Z207: Saudi Arabia
A208: 9817 | B208: 1970 | C208: =2021-Table13[[#This Row],[Year_Birth]] -> 51 | D208: 44802 | E208: 0 | F208: 8.4657534 | G208: 71 | H208: 853 | I208: 10 | J208: 143 | K208: 13 | L208: 10 | M208: 20 | N208: 2 | O208: 9 | P208: 4 | Q208: 12 | R208: 8 | S208: 0 | T208: 0 | U208: 0 | V208: 0 | W208: 0 | X208: 0 | Y208: 0 | Z208: India
A209: 2930 | B209: 1978 | C209: =2021-Table13[[#This Row],[Year_Birth]] -> 43 | D209: 68092 | E209: 0 | F209: 7.1452055 | G209: 7 | H209: 852 | I209: 60 | J209: 207 | K209: 78 | L209: 36 | M209: 48 | N209: 2 | O209: 2 | P209: 6 | Q209: 10 | R209: 5 | S209: 0 | T209: 0 | U209: 0 | V209: 0 | W209: 0 | X209: 0 | Y209: 0 | Z209: Saudi Arabia
A210: 5628 | B210: 1982 | C210: =2021-Table13[[#This Row],[Year_Birth]] -> 39 | D210: 61416 | E210: 0 | F210: 7.9972603 | G210: 25 | H210: 848 | I210: 154 | J210: 323 | K210: 201 | L210: 61 | M210: 78 | N210: 1 | O210: 10 | P210: 3 | Q210: 10 | R210: 6 | S210: 0 | T210: 0 | U210: 1 | V210: 0 | W210: 0 | X210: 0 | Y210: 0 | Z210: USA
A211: 10314 | B211: 1948 | C211: =2021-Table13[[#This Row],[Year_Birth]] -> 73 | D211: 83837 | E211: 0 | F211: 8.1452055 | G211: 79 | H211: 847 | I211: 66 | J211: 119 | K211: 86 | L211: 89 | M211: 111 | N211: 1 | O211: 9 | P211: 10 | Q211: 5 | R211: 4 | S211: 1 | T211: 0 | U211: 0 | V211: 1 | W211: 0 | X211: 1 | Y211: 0 | Z211: India
A212: 4406 | B212: 1970 | C212: =2021-Table13[[#This Row],[Year_Birth]] -> 51 | D212: 67419 | E212: 1 | F212: 8.060274 | G212: 29 | H212: 846 | I212: 84 | J212: 352 | K212: 91 | L212: 56 | M212: 42 | N212: 4 | O212: 9 | P212: 4 | Q212: 8 | R212: 5 | S212: 0 | T212: 0 | U212: 0 | V212: 0 | W212: 0 | X212: 0 | Y212: 0 | Z212: Canada
A213: 9493 | B213: 1980 | C213: =2021-Table13[[#This Row],[Year_Birth]] -> 41 | D213: 76412 | E213: 0 | F213: 7.7616438 | G213: 15 | H213: 840 | I213: 53 | J213: 804 | K213: 23 | L213: 71 | M213: 17 | N213: 1 | O213: 5 | P213: 4 | Q213: 8 | R213: 3 | S213: 1 | T213: 0 | U213: 0 | V213: 0 | W213: 1 | X213: 1 | Y213: 0 | Z213: Canada
A214: 9242 | B214: 1990 | C214: =2021-Table13[[#This Row],[Year_Birth]] -> 31 | D214: 64509 | E214: 0 | F214: 7.4767123 | G214: 19 | H214: 836 | I214: 185 | J214: 575 | K214: 24 | L214: 25 | M214: 77 | N214: 1 | O214: 6 | P214: 3 | Q214: 9 | R214: 4 | S214: 0 | T214: 0 | U214: 1 | V214: 0 | W214: 0 | X214: 1 | Y214: 0 | Z214: Saudi Arabia
A215: 6343 | B215: 1959 | C215: =2021-Table13[[#This Row],[Year_Birth]] -> 62 | D215: 79823 | E215: 1 | F215: 6.8575342 | G215: 6 | H215: 835 | I215: 73 | J215: 380 | K215: 114 | L215: 73 | M215: 43 | N215: 1 | O215: 6 | P215: 9 | Q215: 7 | R215: 2 | S215: 0 | T215: 0 | U215: 0 | V215: 1 | W215: 0 | X215: 0 | Y215: 0 | Z215: Australia
... A295: 5172 | B295: 1976 | C295: =2021-Table13[[#This Row],[Year_Birth]] -> 45 | D295: 65104 | E295: 1 | F295: 7.2328767 | G295: 4 | H295: 738 | I295: 0 | J295: 232 | K295: 13 | L295: 20 | M295: 50 | N295: 2 | O295: 3 | P295: 5 | Q295: 7 | R295: 7 | S295: 0 | T295: 0 | U295: 0 | V295: 0 | W295: 0 | X295: 0 | Y295: 0 | Z295: Spain
A296: 2863 | B296: 1970 | C296: =2021-Table13[[#This Row],[Year_Birth]] -> 51 | E296: 3 | F296: 7.460274 | G296: 67 | H296: 738 | I296: 20 | J296: 172 | K296: 52 | L296: 50 | M296: 20 | N296: 6 | O296: 2 | P296: 3 | Q296: 10 | R296: 7 | S296: 1 | T296: 0 | U296: 0 | V296: 1 | W296: 0 | X296: 0 | Y296: 0 | Z296: Spain
A297: 2931 | B297: 1978 | C297: =2021-Table13[[#This Row],[Year_Birth]] -> 43 | D297: 71847 | E297: 0 | F297: 8.3808219 | G297: 95 | H297: 737 | I297: 21 | J297: 106 | K297: 55 | L297: 63 | M297: 210 | N297: 0 | O297: 6 | P297: 7 | Q297: 9 | R297: 3 | S297: 1 | T297: 0 | U297: 0 | V297: 0 | W297: 0 | X297: 0 | Y297: 0 | Z297: Spain
A298: 11112 | B298: 1966 | C298: =2021-Table13[[#This Row],[Year_Birth]] -> 55 | D298: 70713 | E298: 1 | F298: 8.1808219 | G298: 23 | H298: 736 | I298: 114 | J298: 279 | K298: 82 | L298: 76 | M298: 190 | N298: 6 | O298: 5 | P298: 6 | Q298: 8 | R298: 3 | S298: 0 | T298: 0 | U298: 0 | V298: 0 | W298: 0 | X298: 0 | Y298: 0 | Z298: Spain
A299: 7274 | B299: 1957 | C299: =2021-Table13[[#This Row],[Year_Birth]] -> 64 | D299: 78618 | E299: 0 | F299: 8.3616438 | G299: 87 | H299: 736 | I299: 163 | J299: 818 | K299: 212 | L299: 163 | M299: 61 | N299: 1 | O299: 4 | P299: 7 | Q299: 10 | R299: 2 | S299: 0 | T299: 0 | U299: 0 | V299: 1 | W299: 0 | X299: 0 | Y299: 0 | Z299: Spain
A300: 2147 | B300: 1969 | C300: =2021-Table13[[#This Row],[Year_Birth]] -> 52 | D300: 76653 | E300: 0 | F300: 7.4794521 | G300: 91 | H300: 736 | I300: 63 | J300: 946 | K300: 219 | L300: 189 | M300: 126 | N300: 1 | O300: 4 | P300: 7 | Q300: 11 | R300: 2 | S300: 1 | T300: 0 | U300: 0 | V300: 0 | W300: 1 | X300: 0 | Y300: 0 | Z300: Spain
A301: 1453 | B301: 1943 | C301: =2021-Table13[[#This Row],[Year_Birth]] -> 78 | D301: 57513 | E301: 0 | F301: 7.5917808 | G301: 59 | H301: 735 | I301: 40 | J301: 183 | K301: 52 | L301: 20 | M301: 30 | N301: 2 | O301: 9 | P301: 3 | Q301: 13 | R301: 6 | S301: 0 | T301: 0 | U301: 0 | V301: 0 | W301: 0 | X301: 0 | Y301: 0 | Z301: Spain
A302: 7960 | B302: 1962 | C302: =2021-Table13[[#This Row],[Year_Birth]] -> 59 | D302: 82122 | E302: 0 | F302: 7.4821918 | G302: 89 | H302: 734 | I302: 22 | J302: 350 | K302: 151 | L302: 25 | M302: 100 | N302: 1 | O302: 3 | P302: 9 | Q302: 13 | R302: 1 | S302: 0 | T302: 0 | U302: 0 | V302: 0 | W302: 1 | X302: 0 | Y302: 0 | Z302: Spain
A303: 8439 | B303: 1964 | C303: =2021-Table13[[#This Row],[Year_Birth]] -> 57 | D303: 63404 | E303: 2 | F303: 6.6739726 | G303: 97 | H303: 734 | I303: 26 | J303: 70 | K303: 11 | L303: 44 | M303: 17 | N303: 2 | O303: 6 | P303: 3 | Q303: 4 | R303: 4 | S303: 1 | T303: 0 | U303: 0 | V303: 0 | W303: 0 | X303: 0 | Y303: 0 | Z303: Spain
A304: 1081 | B304: 1957 | C304: =2021-Table13[[#This Row],[Year_Birth]] -> 64 | D304: 75283 | E304: 3 | F304: 7.8684932 | G304: 26 | H304: 733 | I304: 9 | J304: 180 | K304: 12 | L304: 19 | M304: 66 | N304: 11 | O304: 6 | P304: 3 | Q304: 5 | R304: 4 | S304: 0 | T304: 0 | U304: 0 | V304: 0 | W304: 0 | X304: 0 | Y304: 0 | Z304: Saudi Arabia
A305: 9750 | B305: 1961 | C305: =2021-Table13[[#This Row],[Year_Birth]] -> 60 | D305: 64325 | E305: 1 | F305: 8 | G305: 41 | H305: 731 | I305: 60 | J305: 353 | K305: 78 | L305: 12 | M305: 73 | N305: 5 | O305: 10 | P305: 3 | Q305: 5 | R305: 7 | S305: 0 | T305: 0 | U305: 0 | V305: 0 | W305: 0 | X305: 0 | Y305: 0 | Z305: Spain
A306: 5407 | B306: 1954 | C306: =2021-Table13[[#This Row],[Year_Birth]] -> 67 | D306: 53103 | E306: 1 | F306: 7.4054795 | G306: 70 | H306: 729 | I306: 17 | J306: 133 | K306: 11 | L306: 0 | M306: 195 | N306: 5 | O306: 10 | P306: 6 | Q306: 7 | R306: 7 | S306: 0 | T306: 0 | U306: 1 | V306: 0 | W306: 0 | X306: 0 | Y306: 0 | Z306: Saudi Arabia
A307: 1008 | B307: 1981 | C307: =2021-Table13[[#This Row],[Year_Birth]] -> 40 | D307: 44953 | E307: 0 | F307: 8.1315068 | G307: 31 | H307: 728 | I307: 17 | J307: 133 | K307: 11 | L307: 8 | M307: 124 | N307: 1 | O307: 7 | P307: 3 | Q307: 13 | R307: 6 | S307: 0 | T307: 0 | U307: 1 | V307: 0 | W307: 0 | X307: 0 | Y307: 0 | Z307: Germany
A308: 3389 | B308: 1970 | C308: =2021-Table13[[#This Row],[Year_Birth]] -> 51 | D308: 69016 | E308: 1 | F308: 8.2109589 | G308: 61 | H308: 726 | I308: 53 | J308: 363 | K308: 123 | L308: 107 | M308: 161 | N308: 4 | O308: 8 | P308: 9 | Q308: 13 | R308: 5 | S308: 0 | T308: 0 | U308: 0 | V308: 0 | W308: 0 | X308: 0 | Y308: 0 | Z308: Spain
... A510: 10742 | B510: 1983 | C510: =2021-Table13[[#This Row],[Year_Birth]] -> 38 | D510: 86580 | E510: 0 | F510: 7.9452055 | G510: 72 | H510: 532 | I510: 21 | J510: 127 | K510: 26 | L510: 20 | M510: 20 | N510: 0 | O510: 4 | P510: 2 | Q510: 5 | R510: 1 | S510: 0 | T510: 0 | U510: 0 | V510: 0 | W510: 1 | X510: 0 | Y510: 0 | Z510: Spain
A511: 5250 | B511: 1943 | C511: =2021-Table13[[#This Row],[Year_Birth]] -> 78 | E511: 0 | F511: 7.2739726 | G511: 75 | H511: 532 | I511: 126 | J511: 490 | K511: 164 | L511: 126 | M511: 126 | N511: 1 | O511: 5 | P511: 5 | Q511: 11 | R511: 1 | S511: 0 | T511: 0 | U511: 0 | V511: 0 | W511: 1 | X511: 1 | Y511: 0 | Z511: Australia
A512: 10177 | B512: 1954 | C512: =2021-Table13[[#This Row],[Year_Birth]] -> 67 | D512: 72071 | E512: 1 | F512: 7.9808219 | G512: 4 | H512: 531 | I512: 69 | J512: 300 | K512: 150 | L512: 138 | M512: 150 | N512: 3 | O512: 5 | P512: 4 | Q512: 8 | R512: 2 | S512: 0 | T512: 0 | U512: 0 | V512: 0 | W512: 0 | X512: 0 | Y512: 0 | Z512: Spain
A513: 2429 | B513: 1954 | C513: =2021-Table13[[#This Row],[Year_Birth]] -> 67 | D513: 72071 | E513: 1 | F513: 7.9808219 | G513: 4 | H513: 531 | I513: 69 | J513: 300 | K513: 150 | L513: 138 | M513: 150 | N513: 3 | O513: 5 | P513: 4 | Q513: 8 | R513: 2 | S513: 0 | T513: 0 | U513: 0 | V513: 0 | W513: 0 | X513: 0 | Y513: 0 | Z513: Canada
A514: 3005 | B514: 1992 | C514: =2021-Table13[[#This Row],[Year_Birth]] -> 29 | D514: 83528 | E514: 0 | F514: 6.7726027 | G514: 7 | H514: 530 | I514: 117 | J514: 678 | K514: 134 | L514: 44 | M514: 147 | N514: 1 | O514: 4 | P514: 10 | Q514: 8 | R514: 1 | S514: 1 | T514: 0 | U514: 1 | V514: 0 | W514: 0 | X514: 1 | Y514: 0 | Z514: Spain
A515: 9723 | B515: 1960 | C515: =2021-Table13[[#This Row],[Year_Birth]] -> 61 | D515: 67716 | E515: 1 | F515: 8.0767123 | G515: 8 | H515: 530 | I515: 142 | J515: 217 | K515: 62 | L515: 9 | M515: 56 | N515: 4 | O515: 7 | P515: 4 | Q515: 13 | R515: 5 | S515: 0 | T515: 0 | U515: 0 | V515: 1 | W515: 0 | X515: 0 | Y515: 0 | Z515: Canada
A516: 716 | B516: 1949 | C516: =2021-Table13[[#This Row],[Year_Birth]] -> 72 | D516: 67911 | E516: 1 | F516: 6.7150685 | G516: 63 | H516: 529 | I516: 0 | J516: 356 | K516: 63 | L516: 28 | M516: 0 | N516: 3 | O516: 6 | P516: 7 | Q516: 11 | R516: 3 | S516: 0 | T516: 0 | U516: 0 | V516: 0 | W516: 0 | X516: 0 | Y516: 0 | Z516: Spain
A517: 6544 | B517: 1949 | C517: =2021-Table13[[#This Row],[Year_Birth]] -> 72 | D517: 67911 | E517: 1 | F517: 6.7150685 | G517: 63 | H517: 529 | I517: 0 | J517: 356 | K517: 63 | L517: 28 | M517: 0 | N517: 3 | O517: 6 | P517: 7 | Q517: 11 | R517: 3 | S517: 0 | T517: 0 | U517: 0 | V517: 0 | W517: 0 | X517: 0 | Y517: 0 | Z517: Germany
A518: 3267 | B518: 1963 | C518: =2021-Table13[[#This Row],[Year_Birth]] -> 58 | D518: 57288 | E518: 1 | F518: 6.6219178 | G518: 27 | H518: 527 | I518: 0 | J518: 21 | K518: 0 | L518: 0 | M518: 60 | N518: 3 | O518: 8 | P518: 1 | Q518: 8 | R518: 6 | S518: 0 | T518: 0 | U518: 0 | V518: 1 | W518: 0 | X518: 0 | Y518: 0 | Z518: Canada
A519: 6457 | B519: 1976 | C519: =2021-Table13[[#This Row],[Year_Birth]] -> 45 | D519: 64892 | E519: 1 | F519: 6.6958904 | G519: 77 | H519: 527 | I519: 24 | J519: 230 | K519: 32 | L519: 24 | M519: 65 | N519: 2 | O519: 6 | P519: 4 | Q519: 12 | R519: 4 | S519: 0 | T519: 0 | U519: 0 | V519: 0 | W519: 0 | X519: 0 | Y519: 0 | Z519: Saudi Arabia
A520: 2591 | B520: 1959 | C520: =2021-Table13[[#This Row],[Year_Birth]] -> 62 | D520: 76320 | E520: 1 | F520: 6.630137 | G520: 49 | H520: 526 | I520: 35 | J520: 214 | K520: 69 | L520: 53 | M520: 35 | N520: 2 | O520: 6 | P520: 3 | Q520: 4 | R520: 2 | S520: 0 | T520: 0 | U520: 0 | V520: 0 | W520: 0 | X520: 0 | Y520: 0 | Z520: USA
A521: 8537 | B521: 1949 | C521: =2021-Table13[[#This Row],[Year_Birth]] -> 72 | D521: 72643 | E521: 0 | F521: 7.9452055 | G521: 60 | H521: 526 | I521: 80 | J521: 553 | K521: 123 | L521: 94 | M521: 53 | N521: 1 | O521: 3 | P521: 10 | Q521: 7 | R521: 2 | S521: 1 | T521: 0 | U521: 0 | V521: 0 | W521: 0 | X521: 1 | Y521: 0 | Z521: Spain
A522: 2453 | B522: 1960 | C522: =2021-Table13[[#This Row],[Year_Birth]] -> 61 | D522: 62807 | E522: 1 | F522: 8.4383562 | G522: 83 | H522: 526 | I522: 28 | J522: 135 | K522: 10 | L522: 21 | M522: 99 | N522: 3 | O522: 5 | P522: 3 | Q522: 12 | R522: 5 | S522: 0 | T522: 0 | U522: 0 | V522: 0 | W522: 0 | X522: 0 | Y522: 0 | Z522: Spain
A523: 7787 | B523: 1960 | C523: =2021-Table13[[#This Row],[Year_Birth]] -> 61 | D523: 62807 | E523: 1 | F523: 8.4383562 | G523: 83 | H523: 526 | I523: 28 | J523: 135 | K523: 10 | L523: 21 | M523: 99 | N523: 3 | O523: 5 | P523: 3 | Q523: 12 | R523: 5 | S523: 0 | T523: 0 | U523: 0 | V523: 0 | W523: 0 | X523: 0 | Y523: 0 | Z523: Canada
... A644: 7094 | B644: 1975 | C644: =2021-Table13[[#This Row],[Year_Birth]] -> 46 | D644: 58330 | E644: 1 | F644: 7.1205479 | G644: 87 | H644: 445 | I644: 53 | J644: 213 | K644: 104 | L644: 98 | M644: 151 | N644: 1 | O644: 6 | P644: 4 | Q644: 13 | R644: 4 | S644: 0 | T644: 0 | U644: 0 | V644: 0 | W644: 0 | X644: 0 | Y644: 0 | Z644: Germany
A645: 5798 | B645: 1973 | C645: =2021-Table13[[#This Row],[Year_Birth]] -> 48 | E645: 0 | F645: 7.2082192 | G645: 87 | H645: 445 | I645: 37 | J645: 359 | K645: 98 | L645: 28 | M645: 18 | N645: 1 | O645: 2 | P645: 4 | Q645: 8 | R645: 1 | S645: 0 | T645: 0 | U645: 0 | V645: 0 | W645: 0 | X645: 0 | Y645: 0 | Z645: Germany
A646: 2875 | B646: 1978 | C646: =2021-Table13[[#This Row],[Year_Birth]] -> 43 | D646: 67023 | E646: 0 | F646: 6.9315068 | G646: 93 | H646: 444 | I646: 44 | J646: 382 | K646: 11 | L646: 8 | M646: 17 | N646: 1 | O646: 3 | P646: 7 | Q646: 13 | R646: 2 | S646: 0 | T646: 0 | U646: 0 | V646: 0 | W646: 0 | X646: 0 | Y646: 1 | Z646: Spain
A647: 5209 | B647: 1954 | C647: =2021-Table13[[#This Row],[Year_Birth]] -> 67 | D647: 50002 | E647: 1 | F647: 7.6438356 | G647: 21 | H647: 443 | I647: 5 | J647: 71 | K647: 21 | L647: 16 | M647: 82 | N647: 2 | O647: 8 | P647: 2 | Q647: 7 | R647: 7 | S647: 0 | T647: 0 | U647: 0 | V647: 0 | W647: 0 | X647: 0 | Y647: 0 | Z647: Saudi Arabia
A648: 4690 | B648: 1953 | C648: =2021-Table13[[#This Row],[Year_Birth]] -> 68 | D648: 50725 | E648: 1 | F648: 7.9835616 | G648: 45 | H648: 443 | I648: 10 | J648: 75 | K648: 0 | L648: 10 | M648: 48 | N648: 4 | O648: 8 | P648: 1 | Q648: 8 | R648: 8 | S648: 0 | T648: 0 | U648: 0 | V648: 0 | W648: 0 | X648: 0 | Y648: 0 | Z648: Canada
A649: 3598 | B649: 1972 | C649: =2021-Table13[[#This Row],[Year_Birth]] -> 49 | D649: 62710 | E649: 1 | F649: 7.7123288 | G649: 53 | H649: 441 | I649: 35 | J649: 83 | K649: 7 | L649: 29 | M649: 11 | N649: 4 | O649: 4 | P649: 2 | Q649: 12 | R649: 4 | S649: 0 | T649: 0 | U649: 0 | V649: 0 | W649: 0 | X649: 0 | Y649: 0 | Z649: Spain
A650: 10159 | B650: 1970 | C650: =2021-Table13[[#This Row],[Year_Birth]] -> 51 | D650: 58710 | E650: 1 | F650: 7.8575342 | G650: 77 | H650: 440 | I650: 81 | J650: 368 | K650: 0 | L650: 122 | M650: 174 | N650: 6 | O650: 11 | P650: 5 | Q650: 9 | R650: 6 | S650: 0 | T650: 0 | U650: 0 | V650: 0 | W650: 0 | X650: 0 | Y650: 0 | Z650: Australia
A651: 6694 | B651: 1964 | C651: =2021-Table13[[#This Row],[Year_Birth]] -> 57 | D651: 75236 | E651: 1 | F651: 7.2027397 | G651: 27 | H651: 438 | I651: 66 | J651: 400 | K651: 12 | L651: 38 | M651: 114 | N651: 1 | O651: 8 | P651: 3 | Q651: 13 | R651: 4 | S651: 0 | T651: 0 | U651: 0 | V651: 0 | W651: 0 | X651: 0 | Y651: 0 | Z651: Spain
A652: 10513 | B652: 1992 | C652: =2021-Table13[[#This Row],[Year_Birth]] -> 29 | D652: 63207 | E652: 0 | F652: 8.0493151 | G652: 68 | H652: 438 | I652: 169 | J652: 565 | K652: 91 | L652: 169 | M652: 70 | N652: 1 | O652: 2 | P652: 3 | Q652: 6 | R652: 7 | S652: 1 | T652: 0 | U652: 0 | V652: 0 | W652: 0 | X652: 0 | Y652: 0 | Z652: Spain
A653: 2968 | B653: 1943 | C653: =2021-Table13[[#This Row],[Year_Birth]] -> 78 | D653: 48948 | E653: 0 | F653: 8.0164384 | G653: 53 | H653: 437 | I653: 8 | J653: 206 | K653: 160 | L653: 49 | M653: 42 | N653: 2 | O653: 7 | P653: 10 | Q653: 5 | R653: 6 | S653: 0 | T653: 0 | U653: 1 | V653: 0 | W653: 0 | X653: 1 | Y653: 0 | Z653: Australia
A654: 8800 | B654: 1943 | C654: =2021-Table13[[#This Row],[Year_Birth]] -> 78 | D654: 48948 | E654: 0 | F654: 8.0164384 | G654: 53 | H654: 437 | I654: 8 | J654: 206 | K654: 160 | L654: 49 | M654: 42 | N654: 2 | O654: 7 | P654: 10 | Q654: 5 | R654: 6 | S654: 0 | T654: 0 | U654: 1 | V654: 0 | W654: 0 | X654: 1 | Y654: 0 | Z654: Saudi Arabia
A655: 10981 | B655: 1988 | C655: =2021-Table13[[#This Row],[Year_Birth]] -> 33 | D655: 84219 | E655: 0 | F655: 7.0136986 | G655: 27 | H655: 434 | I655: 137 | J655: 400 | K655: 45 | L655: 137 | M655: 45 | N655: 1 | O655: 3 | P655: 4 | Q655: 10 | R655: 1 | S655: 0 | T655: 0 | U655: 0 | V655: 0 | W655: 0 | X655: 0 | Y655: 0 | Z655: Saudi Arabia
A656: 486 | B656: 1988 | C656: =2021-Table13[[#This Row],[Year_Birth]] -> 33 | D656: 84219 | E656: 0 | F656: 7.0136986 | G656: 27 | H656: 434 | I656: 137 | J656: 400 | K656: 45 | L656: 137 | M656: 45 | N656: 1 | O656: 3 | P656: 4 | Q656: 10 | R656: 1 | S656: 0 | T656: 0 | U656: 0 | V656: 0 | W656: 0 | X656: 0 | Y656: 0 | Z656: Canada
A657: 1277 | B657: 1960 | C657: =2021-Table13[[#This Row],[Year_Birth]] -> 61 | D657: 78468 | E657: 0 | F657: 6.8328767 | G657: 29 | H657: 434 | I657: 22 | J657: 388 | K657: 104 | L657: 22 | M657: 34 | N657: 1 | O657: 10 | P657: 7 | Q657: 10 | R657: 4 | S657: 1 | T657: 0 | U657: 0 | V657: 0 | W657: 0 | X657: 0 | Y657: 0 | Z657: USA
... A756: 2406 | B756: 1949 | C756: =2021-Table13[[#This Row],[Year_Birth]] -> 72 | D756: 54591 | E756: 1 | F756: 7.509589 | G756: 63 | H756: 376 | I756: 4 | J756: 94 | K756: 12 | L756: 9 | M756: 24 | N756: 3 | O756: 6 | P756: 2 | Q756: 8 | R756: 5 | S756: 0 | T756: 0 | U756: 0 | V756: 0 | W756: 0 | X756: 0 | Y756: 0 | Z756: Australia
A757: 7187 | B757: 1969 | C757: =2021-Table13[[#This Row],[Year_Birth]] -> 52 | E757: 2 | F757: 7.7260274 | G757: 52 | H757: 375 | I757: 42 | J757: 48 | K757: 94 | L757: 66 | M757: 96 | N757: 7 | O757: 4 | P757: 10 | Q757: 4 | R757: 3 | S757: 0 | T757: 0 | U757: 0 | V757: 0 | W757: 0 | X757: 0 | Y757: 0 | Z757: Australia
A758: 2669 | B758: 1993 | C758: =2021-Table13[[#This Row],[Year_Birth]] -> 28 | D758: 74293 | E758: 0 | F758: 6.7643836 | G758: 66 | H758: 375 | I758: 152 | J758: 335 | K758: 93 | L758: 91 | M758: 81 | N758: 1 | O758: 5 | P758: 4 | Q758: 6 | R758: 2 | S758: 0 | T758: 0 | U758: 0 | V758: 0 | W758: 0 | X758: 0 | Y758: 0 | Z758: Spain
A759: 10037 | B759: 1993 | C759: =2021-Table13[[#This Row],[Year_Birth]] -> 28 | D759: 74293 | E759: 0 | F759: 6.7643836 | G759: 66 | H759: 375 | I759: 152 | J759: 335 | K759: 93 | L759: 91 | M759: 81 | N759: 1 | O759: 5 | P759: 4 | Q759: 6 | R759: 2 | S759: 0 | T759: 0 | U759: 0 | V759: 0 | W759: 0 | X759: 0 | Y759: 0 | Z759: Saudi Arabia
A760: 425 | B760: 1985 | C760: =2021-Table13[[#This Row],[Year_Birth]] -> 36 | D760: 55357 | E760: 2 | F760: 7.9671233 | G760: 66 | H760: 374 | I760: 64 | J760: 116 | K760: 84 | L760: 25 | M760: 64 | N760: 3 | O760: 6 | P760: 2 | Q760: 11 | R760: 5 | S760: 0 | T760: 0 | U760: 0 | V760: 0 | W760: 0 | X760: 0 | Y760: 0 | Z760: India
A761: 359 | B761: 1950 | C761: =2021-Table13[[#This Row],[Year_Birth]] -> 71 | D761: 48070 | E761: 1 | F761: 8.0684932 | G761: 33 | H761: 373 | I761: 14 | J761: 83 | K761: 6 | L761: 9 | M761: 19 | N761: 3 | O761: 8 | P761: 2 | Q761: 6 | R761: 7 | S761: 0 | T761: 0 | U761: 0 | V761: 0 | W761: 0 | X761: 0 | Y761: 1 | Z761: Spain
A762: 2008 | B762: 1978 | C762: =2021-Table13[[#This Row],[Year_Birth]] -> 43 | D762: 77583 | E762: 0 | F762: 6.9917808 | G762: 93 | H762: 372 | I762: 23 | J762: 384 | K762: 250 | L762: 12 | M762: 108 | N762: 1 | O762: 4 | P762: 5 | Q762: 9 | R762: 2 | S762: 1 | T762: 0 | U762: 0 | V762: 0 | W762: 0 | X762: 0 | Y762: 0 | Z762: Saudi Arabia
A763: 10142 | B763: 1976 | C763: =2021-Table13[[#This Row],[Year_Birth]] -> 45 | D763: 66476 | E763: 1 | F763: 7.9232877 | G763: 99 | H763: 372 | I763: 18 | J763: 126 | K763: 47 | L763: 48 | M763: 78 | N763: 2 | O763: 5 | P763: 2 | Q763: 11 | R763: 4 | S763: 0 | T763: 0 | U763: 0 | V763: 0 | W763: 0 | X763: 0 | Y763: 0 | Z763: USA
A764: 9204 | B764: 1970 | C764: =2021-Table13[[#This Row],[Year_Birth]] -> 51 | D764: 66731 | E764: 1 | F764: 8.4054795 | G764: 33 | H764: 371 | I764: 159 | J764: 194 | K764: 58 | L764: 106 | M764: 141 | N764: 4 | O764: 4 | P764: 3 | Q764: 6 | R764: 3 | S764: 0 | T764: 0 | U764: 0 | V764: 0 | W764: 0 | X764: 0 | Y764: 0 | Z764: Spain
A765: 4603 | B765: 1960 | C765: =2021-Table13[[#This Row],[Year_Birth]] -> 61 | D765: 65695 | E765: 1 | F765: 7.0191781 | G765: 50 | H765: 371 | I765: 32 | J765: 189 | K765: 0 | L765: 58 | M765: 6 | N765: 2 | O765: 5 | P765: 4 | Q765: 10 | R765: 4 | S765: 0 | T765: 0 | U765: 0 | V765: 0 | W765: 0 | X765: 0 | Y765: 0 | Z765: Spain
A766: 3673 | B766: 1971 | C766: =2021-Table13[[#This Row],[Year_Birth]] -> 50 | D766: 55239 | E766: 1 | F766: 7.569863 | G766: 59 | H766: 371 | I766: 17 | J766: 238 | K766: 23 | L766: 24 | M766: 106 | N766: 3 | O766: 7 | P766: 5 | Q766: 11 | R766: 5 | S766: 0 | T766: 0 | U766: 0 | V766: 0 | W766: 0 | X766: 0 | Y766: 0 | Z766: Saudi Arabia
A767: 8970 | B767: 1972 | C767: =2021-Table13[[#This Row],[Year_Birth]] -> 49 | D767: 62010 | E767: 1 | F767: 8.2931507 | G767: 93 | H767: 371 | I767: 22 | J767: 39 | K767: 6 | L767: 0 | M767: 92 | N767: 4 | O767: 6 | P767: 2 | Q767: 7 | R767: 5 | S767: 0 | T767: 0 | U767: 0 | V767: 0 | W767: 0 | X767: 0 | Y767: 0 | Z767: Spain
A768: 9973 | B768: 1963 | C768: =2021-Table13[[#This Row],[Year_Birth]] -> 58 | D768: 50437 | E768: 2 | F768: 8.309589 | G768: 28 | H768: 370 | I768: 9 | J768: 92 | K768: 6 | L768: 9 | M768: 4 | N768: 3 | O768: 7 | P768: 1 | Q768: 8 | R768: 7 | S768: 0 | T768: 0 | U768: 0 | V768: 0 | W768: 0 | X768: 0 | Y768: 0 | Z768: Spain
A769: 10307 | B769: 1956 | C769: =2021-Table13[[#This Row],[Year_Birth]] -> 65 | D769: 50387 | E769: 2 | F769: 7.4383562 | G769: 91 | H769: 369 | I769: 9 | J769: 87 | K769: 12 | L769: 14 | M769: 34 | N769: 3 | O769: 6 | P769: 2 | Q769: 8 | R769: 5 | S769: 0 | T769: 0 | U769: 0 | V769: 0 | W769: 0 | X769: 0 | Y769: 0 | Z769: Spain
... A791: 2181 | B791: 1970 | C791: =2021-Table13[[#This Row],[Year_Birth]] -> 51 | D791: 70617 | E791: 0 | F791: 7.6273973 | G791: 45 | H791: 353 | I791: 61 | J791: 753 | K791: 40 | L791: 46 | M791: 27 | N791: 1 | O791: 3 | P791: 3 | Q791: 7 | R791: 2 | S791: 0 | T791: 0 | U791: 0 | V791: 0 | W791: 0 | X791: 0 | Y791: 0 | Z791: Spain
A792: 8268 | B792: 1961 | C792: =2021-Table13[[#This Row],[Year_Birth]] -> 60 | E792: 1 | F792: 7.5780822 | G792: 23 | H792: 352 | I792: 0 | J792: 27 | K792: 10 | L792: 0 | M792: 15 | N792: 3 | O792: 6 | P792: 1 | Q792: 7 | R792: 6 | S792: 0 | T792: 0 | U792: 0 | V792: 0 | W792: 0 | X792: 0 | Y792: 0 | Z792: Canada
A793: 2782 | B793: 1961 | C793: =2021-Table13[[#This Row],[Year_Birth]] -> 60 | D793: 54456 | E793: 1 | F793: 7.5780822 | G793: 23 | H793: 352 | I793: 0 | J793: 27 | K793: 10 | L793: 0 | M793: 15 | N793: 3 | O793: 6 | P793: 1 | Q793: 7 | R793: 6 | S793: 0 | T793: 0 | U793: 0 | V793: 0 | W793: 0 | X793: 0 | Y793: 0 | Z793: Spain
A794: 8560 | B794: 1992 | C794: =2021-Table13[[#This Row],[Year_Birth]] -> 29 | D794: 48789 | E794: 0 | F794: 8.4109589 | G794: 94 | H794: 351 | I794: 16 | J794: 156 | K794: 7 | L794: 5 | M794: 145 | N794: 1 | O794: 6 | P794: 4 | Q794: 7 | R794: 6 | S794: 0 | T794: 0 | U794: 0 | V794: 0 | W794: 0 | X794: 0 | Y794: 0 | Z794: Canada
A795: 8504 | B795: 1973 | C795: =2021-Table13[[#This Row],[Year_Birth]] -> 48 | D795: 79593 | E795: 0 | F795: 6.7424658 | G795: 70 | H795: 350 | I795: 60 | J795: 568 | K795: 110 | L795: 133 | M795: 145 | N795: 1 | O795: 5 | P795: 6 | Q795: 7 | R795: 2 | S795: 0 | T795: 0 | U795: 0 | V795: 0 | W795: 1 | X795: 0 | Y795: 0 | Z795: Germany
A796: 1020 | B796: 1973 | C796: =2021-Table13[[#This Row],[Year_Birth]] -> 48 | D796: 79593 | E796: 0 | F796: 6.7424658 | G796: 70 | H796: 350 | I796: 60 | J796: 568 | K796: 110 | L796: 133 | M796: 145 | N796: 1 | O796: 5 | P796: 6 | Q796: 7 | R796: 2 | S796: 0 | T796: 0 | U796: 0 | V796: 0 | W796: 1 | X796: 0 | Y796: 0 | Z796: Spain
A797: 7706 | B797: 1975 | C797: =2021-Table13[[#This Row],[Year_Birth]] -> 46 | D797: 46772 | E797: 1 | F797: 8.2520548 | G797: 88 | H797: 350 | I797: 104 | J797: 189 | K797: 197 | L797: 151 | M797: 57 | N797: 6 | O797: 11 | P797: 8 | Q797: 5 | R797: 8 | S797: 0 | T797: 0 | U797: 1 | V797: 0 | W797: 0 | X797: 0 | Y797: 0 | Z797: Canada
A798: 7755 | B798: 1954 | C798: =2021-Table13[[#This Row],[Year_Birth]] -> 67 | D798: 57744 | E798: 1 | F798: 7.2383562 | G798: 91 | H798: 350 | I798: 3 | J798: 39 | K798: 0 | L798: 0 | M798: 19 | N798: 2 | O798: 9 | P798: 1 | Q798: 4 | R798: 8 | S798: 0 | T798: 0 | U798: 0 | V798: 0 | W798: 0 | X798: 0 | Y798: 0 | Z798: Spain
A799: 7938 | B799: 1958 | C799: =2021-Table13[[#This Row],[Year_Birth]] -> 63 | D799: 51518 | E799: 1 | F799: 7.3479452 | G799: 92 | H799: 350 | I799: 8 | J799: 66 | K799: 17 | L799: 4 | M799: 4 | N799: 2 | O799: 3 | P799: 2 | Q799: 10 | R799: 3 | S799: 0 | T799: 0 | U799: 0 | V799: 0 | W799: 0 | X799: 0 | Y799: 0 | Z799: Germany
A800: 9984 | B800: 1981 | C800: =2021-Table13[[#This Row],[Year_Birth]] -> 40 | D800: 56337 | E800: 2 | F800: 7.8684932 | G800: 25 | H800: 349 | I800: 16 | J800: 144 | K800: 28 | L800: 5 | M800: 182 | N800: 5 | O800: 8 | P800: 5 | Q800: 4 | R800: 8 | S800: 1 | T800: 0 | U800: 1 | V800: 0 | W800: 0 | X800: 1 | Y800: 0 | Z800: Spain
A801: 610 | B801: 1953 | C801: =2021-Table13[[#This Row],[Year_Birth]] -> 68 | D801: 53593 | E801: 2 | F801: 8.5041096 | G801: 60 | H801: 349 | I801: 4 | J801: 78 | K801: 6 | L801: 0 | M801: 43 | N801: 8 | O801: 7 | P801: 2 | Q801: 6 | R801: 8 | S801: 0 | T801: 0 | U801: 0 | V801: 0 | W801: 0 | X801: 0 | Y801: 0 | Z801: Australia
A802: 10660 | B802: 1957 | C802: =2021-Table13[[#This Row],[Year_Birth]] -> 64 | D802: 66726 | E802: 2 | F802: 7.0712329 | G802: 61 | H802: 349 | I802: 7 | J802: 35 | K802: 0 | L802: 0 | M802: 47 | N802: 3 | O802: 8 | P802: 2 | Q802: 4 | R802: 7 | S802: 0 | T802: 0 | U802: 0 | V802: 1 | W802: 0 | X802: 0 | Y802: 0 | Z802: Spain
A803: 1542 | B803: 1975 | C803: =2021-Table13[[#This Row],[Year_Birth]] -> 46 | D803: 56243 | E803: 3 | F803: 7.1068493 | G803: 26 | H803: 347 | I803: 0 | J803: 35 | K803: 4 | L803: 3 | M803: 7 | N803: 6 | O803: 4 | P803: 2 | Q803: 8 | R803: 5 | S803: 0 | T803: 0 | U803: 0 | V803: 0 | W803: 0 | X803: 0 | Y803: 0 | Z803: USA
A804: 7290 | B804: 1985 | C804: =2021-Table13[[#This Row],[Year_Birth]] -> 36 | D804: 70596 | E804: 0 | F804: 8.3424658 | G804: 68 | H804: 347 | I804: 44 | J804: 534 | K804: 17 | L804: 0 | M804: 26 | N804: 1 | O804: 3 | P804: 5 | Q804: 12 | R804: 2 | S804: 0 | T804: 0 | U804: 0 | V804: 0 | W804: 0 | X804: 0 | Y804: 0 | Z804: Spain
... A939: 5057 | B939: 1961 | C939: =2021-Table13[[#This Row],[Year_Birth]] -> 60 | D939: 61794 | E939: 1 | F939: 7.4 | G939: 74 | H939: 264 | I939: 47 | J939: 188 | K939: 54 | L939: 47 | M939: 11 | N939: 2 | O939: 4 | P939: 4 | Q939: 10 | R939: 2 | S939: 0 | T939: 0 | U939: 0 | V939: 0 | W939: 0 | X939: 0 | Y939: 0 | Z939: Spain
A940: 3117 | B940: 1955 | C940: =2021-Table13[[#This Row],[Year_Birth]] -> 66 | E940: 1 | F940: 7.3068493 | G940: 95 | H940: 264 | I940: 0 | J940: 21 | K940: 12 | L940: 6 | M940: 147 | N940: 3 | O940: 6 | P940: 1 | Q940: 5 | R940: 7 | S940: 0 | T940: 0 | U940: 0 | V940: 0 | W940: 0 | X940: 0 | Y940: 0 | Z940: Australia
A941: 2134 | B941: 1952 | C941: =2021-Table13[[#This Row],[Year_Birth]] -> 69 | D941: 53700 | E941: 1 | F941: 8.4767123 | G941: 94 | H941: 263 | I941: 5 | J941: 233 | K941: 69 | L941: 41 | M941: 83 | N941: 4 | O941: 5 | P941: 5 | Q941: 8 | R941: 5 | S941: 0 | T941: 0 | U941: 0 | V941: 0 | W941: 0 | X941: 0 | Y941: 0 | Z941: Saudi Arabia
...
